lid,state_id,lat,lng
ABBG1,GA,31.996666666667,-83.279166666667
ABBV2,VA,37.451517,-80.112736
ABGM2,MD,39.481666666667,-76.340555555556
ABDM6,MS,33.79,-88.315277777778
ABEM6,MS,33.8293957,-88.5402036
ABDC1,CA,37.71843,-121.74318
ABOM8,MT,46.877222222222,-113.93138888889
ABNG1,GA,31.594166666667,-84.144166666667
ABRW2,WV,39.494722222222,-79.644722222222
ABWN7,NC,36.460637,-81.516325
ACDG1,GA,34.031666666667,-83.563333333333
ACML1,LA,31.267777777778,-91.830833333333
ACJU1,UT,40.3580023,-109.387655
ACMP1,PA,40.536111111111,-79.815
ACRT2,TX,30.246111111111,-97.68
ACSC2,CO,38.9372,-107.3583
ACSC1,CA,37.577434,-121.857734
ACSN7,NC,35.1322,-79.4305
ACYN4,NJ,39.3567,-74.4183
ADLC1,CA,37.62659915,-121.8830126
ADBC1,CA,34.25341667,-119.25805556
ADKA2,AK,51.8633333333333,-176.631666666667
ADLC2,CO,38.24805799,-104.3991356
AECC1,CA,37.69524,-121.84506
ADXC1,CA,35.288333333333,-120.65027777778
AEXL1,LA,31.308888888889,-92.439166666667
AFIC1,CA,34.423611111111,-119.34027777778
AFHA3,AZ,34.485277777778,-112.2375
AFRA3,AZ,34.015555555556,-112.1679378
AFMA3,AZ,34.315277777778,-112.06333333333
AFRI1,ID,42.77889,-112.87694
AFPU1,UT,40.4477297,-111.6821472
AGHC1,CA,35.148611111111,-120.53083333333
AGMC1,CA,35.124444444444,-120.56805555556
AGNO3,OR,42.5784422,-124.0581443
AHCC1,CA,38.016778,-122.13588
AHOC1,CA,37.46160337,-121.769397
AKDA4,AR,34.121111111111,-93.046111111111
AKFM7,MO,37.375694,-91.552778
AKYC1,CA,38.7636111111111,-120.3275
ALBN6,NY,42.646111111111,-73.7475
ALBO3,OR,44.638611111111,-123.106978
ALDW2,WV,37.724166666667,-80.641666666667
ALCF1,FL,27.9797421060249,-82.742323158436
ALDN7,NC,36.438333333333,-81.654166666667
ALFW1,ID,48.178888888889,-116.99972222222
ALGC1,CA,35.100277777778,-120.62833333333
ALEC2,CO,38.664444,-106.84475
ALIA2,AK,56.898055555556,-154.24694444444
ALGL1,LA,32.373801,-91.880754
ALKA2,AK,59.395,-138.08194444444
ALLA2,AK,66.565277777778,-152.6425
ALMW3,WI,44.324,-91.9185
ALNI2,IL,38.866388888889,-90.146388888889
ALNP1,PA,40.623055555556,-75.482777777778
ALRW1,WA,46.800833333333,-122.30972222222
ALPT1,TN,36.396944444444,-85.174444444444
ALPW4,WY,43.19625,-110.88944
ALSV2,VA,36.9375,-80.745833333333
ALTC2,CO,38.664444,-106.844722
ALVC1,CA,37.4367,-121.991
ALWP1,PA,41.10805556,-76.89
ALWC1,CA,34.055556,-118.086111
ALYM7,MO,37.14817,-91.44308
AMAT2,TX,35.470277777778,-101.87916666667
AMFI1,ID,42.767508,-112.879475
AMLC1,CA,37.67687486,-121.8143992
AMIL1,LA,30.728888888889,-90.484166666667
AMRL1,LA,29.449444444444,-91.338055555556
AMVC1,CA,37.6267295,-121.7045683
ANAW1,WA,46.0971,-116.9776
ANDI1,ID,43.3436111,-115.4775
AMYM6,MS,33.98555556,-88.5511111
ANBC2,CO,37.788333,-107.668222
ANGM6,MS,32.9717,-90.777
ANDM3,MA,42.6714806,-71.1492239
ANNM7,MO,37.336111111111,-90.788611111111
ANKF1,FL,27.345552,-80.276275
ANKM5,MN,45.1288,-93.2993
ANSI4,IA,42.08333856,-91.2673818
ANTA2,AK,61.238175,-149.8900037
ANVC1,CA,38.9133,-123.708
ANTI1,ID,43.966822,-111.672619
AOLC1,CA,37.5927944,-121.8831673
AOPC1,CA,37.69986,-121.77368
APCC1,CA,38.3682457,-122.3033085
APBA2,AK,59.772222222222,-151.83638888889
APHG1,GA,34.050555555556,-84.269444444444
APPV2,VA,37.33717,-78.5195
APEV2,VA,37.508245,-79.714401
APAM2,MD,38.983055555556,-76.48
APRO3,OR,42.2415113,-123.1400485
APTA2,AK,59.747222222222,-151.75305555556
ARAI1,ID,43.358611,-115.44594
ARCC2,CO,38.064604,-103.685472
ARCC1,CA,40.9098217,-124.06058
APNC2,CO,39.17998755,-106.8019826
ARAC1,CA,34.095833333333,-118.03305555556
ARCV2,VA,37.392634,-79.041099
ARCN5,NM,36.801944444444,-107.69861111111
ARCT2,OK,33.875,-95.501666666667
ARFN5,NM,36.7225,-108.20194444444
ARDW1,WA,47.8186111111111,-120.4231
ARGW1,WA,48.261666666667,-122.04638888889
ARLT1,TN,35.3109497,-89.6395599
ARLW1,WA,48.203611111111,-122.12805555556
ARTT1,TN,36.5425219,-83.6300294
ARTA1,AL,31.594722222222,-85.783055555556
ARSA4,AR,33.5515,-91.2384
ARTC1,CA,34.2972,-118.721
ARTN6,NY,43.9858,-75.9246
AROC1,CA,36.9001920853113,-121.59767779996
ARWO3,OR,42.3540058,-123.4067276
ARVA3,AZ,32.84423324,-110.6301
ASFC1,CA,37.6997363,-121.741257
ASHK2,KY,38.4811922,-82.6365497
ASEN6,NY,41.950277777778,-74.208333333333
ASJC1,CA,34.264166666667,-118.73555555556
ASFN6,NY,44.4375,-73.681111111111
ASTO3,OR,46.208333333333,-123.76666666667
ASWC1,CA,34.268611111111,-118.68555555556
ATGM1,ME,44.39167,-68.20917
ATHO1,OH,39.32896188,-82.0876439
ATDC1,CA,34.4247222222222,-119.810833333333
ATKA2,AK,52.232,-174.1726
ATPA3,AZ,31.83897238,-111.4042694
ATTN6,NY,42.8647,-78.2834
AUBM1,ME,44.0722,-70.2081
AUGA4,AR,35.294444444444,-91.394166666667
AUGG1,GA,33.373611111111,-81.943055555556
ATIC1,CA,38.017777777778,-121.80305555556
AURO3,OR,45.233333333333,-122.75027777778
AUBW1,WA,47.3125,-122.20277777778
AUON6,NY,42.932222222222,-76.565277777778
AUSG1,GA,33.776388888889,-84.615555555556
AVLA1,AL,33.210277777778,-88.288611111111
AVLN7,NC,35.608889,-82.578056
AWDC1,CA,37.72546,-121.91103
AVYC1,CA,38.2438067,-120.2910282
AWEC1,CA,37.5404908,-121.856345
AVPC1,CA,37.6676,-121.88364
AXCC1,CA,37.174232,-121.822177
AVON6,NY,42.922748,-77.757403
AXTV2,VA,38.805277777778,-77.038333333333
AYOC1,CA,34.271806,-118.9225
AXNC1,CA,37.7121799,-121.7188784
AYSG1,GA,31.2380555555556,-82.3247222222222
AXPC1,CA,37.7233638,-121.7269598
AZAO3,OR,42.82484286,-123.1789492
AYMC1,CA,37.6904857,-121.8732899
BABA3,AZ,31.70027778,-110.2263889
BAHM1,ME,43.8943,-69.81
BAGA4,AR,35.760277777778,-91.641111111111
BAIN6,NY,42.291388888889,-75.476666666667
BAKC2,CO,40.3258,-105.8561
BACT2,TX,28.973888888889,-96.012222222222
BAHK2,KY,37.0169444444444,-88.2236111111111
BAKI3,IN,39.2,-85.9256
BAPT2,TX,30.1025,-98.5105555555556
BARK2,KY,37.0244444444444,-88.2227777777778
BATN6,NY,40.700556,-74.014167
BATM3,MA,42.7636083,-71.0331722
BAWT2,TX,29.8083333333333,-96.0955555555555
BAXG1,GA,31.938888888889,-82.353611111111
BBGS1,SC,35.124017,-81.587872
BBVK2,KY,36.862222,-83.8875
BBZT2,TX,30.626666666667,-96.543888888889
BCBA3,AZ,34.541666666667,-113.44444444444
BCDW1,WA,46.7720459,-122.924298
BCGN7,NC,35.12713056,-78.9748306
BCGV2,VA,39.2603,-78.3336
BCKA1,AL,31.0072222,-88.0119444
BCKO3,OR,44.706944444444,-122.1
BCLO3,OR,44.753611111111,-122.29722222222
BCNU1,UT,41.5763213,-112.100782
BCSV2,VA,37.98058,-78.95328
BCRS1,SC,34.243611111111,-79.745
BCTU1,UT,40.618611111111,-111.78111111111
BDAC2,CO,37.0567,-107.86979
BDBC1,CA,40.28848836,-122.1866645
BCYV2,VA,37.024722,-80.023088
BDDP1,PA,40.3925,-79.860277777778
BDGM3,MA,41.9339903,-70.9564307
BDDC1,CA,34.170278,-117.809722
BDDI1,ID,43.539722222222,-116.09361111111
BDHC1,CA,34.230555555556,-119.11111111111
BDKN4,NJ,40.551111111111,-74.548333333333
BDRN4,NJ,40.0817,-74.87
BDWC1,CA,34.0747,-117.9636
BEAC3,CT,41.442222222222,-73.063055555556
BEAI2,IL,40.016851,-90.438897
BEAP1,PA,40.763333333333,-80.315277777778
BEAO3,OR,45.266666666667,-123.84583333333
BECV2,VA,37.536111111111,-78.829722222222
BEAW4,WY,41.43443899,-111.0176863
BECP1,PA,41.0808995,-77.54943419
BEDI3,IN,38.7703,-86.4097
BELM6,MS,33.16471,-90.49431
BECU1,UT,41.5763213,-112.100782
BELM8,MT,46.869166666667,-114.12583333333
BERU1,UT,40.9652254,-110.8535079
BETP1,PA,40.615277777778,-75.379166666667
BEVW2,WV,39.119017,-81.737869
BEVO1,OH,39.544444444444,-81.640833333333
BFKW4,WY,43.8381,-110.4407
BFEI1,ID,48.698055555556,-116.3125
BFFU1,UT,37.15067778,-109.8666889
BFST2,TX,30.000583,-98.200361
BFTI1,ID,43.12527778,-112.518889
BFYG1,GA,32.93644444,-81.5025278
BGBM6,MS,34.01138889,-88.5136111
BFTN7,NC,34.718417,-76.673118
BGDA2,AK,64.156944444444,-145.86444444444
BGEG1,GA,30.911388888889,-84.58
BFRF1,FL,27.3227777777778,-82.4808333333333
BGLN4,NJ,39.7608,-74.1106
BGMC2,CO,39.8803,-106.3333
BGNN6,NY,40.639,-74.1463
BHBM3,MA,42.3539,-71.0503
BHTA4,AR,33.875555555556,-93.304444444444
BIGI1,ID,43.660555555556,-116.27916666667
BIGU1,UT,40.656388888889,-111.82388888889
BILM8,MT,45.8001194,-108.4680306
BIKM2,MD,39.222777777778,-77.249444444444
BIRN1,NE,41.22141,-101.0698
BITM8,MT,46.83173889,-114.054861
BISM2,MD,38.22,-76.0383333
BIUI1,ID,42.012975,-111.921444
BISV2,VA,36.760609,-80.62234
BKBN6,NY,42.536944444444,-74.410833333333
BKCC1,CA,39.7261111111111,-121.707777777778
BKNM6,MS,31.0519,-89.2042
BKRA4,AR,36.1025,-91.097777777778
BKWN4,NJ,40.475,-74.575833333333
BLAN7,NC,35.299167,-82.623889
BLBA1,AL,30.40567,-88.24769
BLBV2,VA,36.741903,-80.002438
BLKO2,OK,36.811421,-97.277265
BLKC1,CA,40.90596479,-123.815335
BLOF1,FL,30.425,-85.031388888889
BLRC2,CO,39.6256,-106.0658
BLTN7,NC,35.568333,-82.544722
BLRL1,LA,30.281388888889,-91.686666666667
BLUO2,OK,33.997041,-96.241098
BLTM2,MD,39.27,-76.58
BLVI4,IA,42.27278,-90.42111
BLUO3,OR,44.162222222222,-122.3325
BMBP1,PA,40.99388,-76.4402778
BMTW1,WA,47.562,-122.624
BNAA1,AL,34.67,-87.3172222222222
BNGN6,NY,42.0925,-75.915
BNMA3,AZ,32.95561778,-109.5311876
BNGM1,ME,45.0666666666667,-69.9
BNRU1,WY,40.95902778,-110.5797222
BNNV2,VA,37.530555555556,-79.679166666667
BOGT1,TN,36.135806,-89.431667
BONN4,NJ,40.896944444444,-74.394722222222
BONM8,MT,46.899722222222,-113.75555555556
BOON6,NY,43.5116666666667,-75.3066666666667
BOQT2,TX,29.1835386,-102.9754409
BOTN4,NJ,40.9075,-74.419166666667
BOVM6,MS,32.34777,-90.69694
BOOT1,TN,36.4411,-82.436388
BORW4,WY,42.2931,-110.87272
BOWD1,DE,39.0583,-75.3976
BOZM7,MO,38.980278,-92.745278
BOYO3,OR,42.0847,-122.0722
BOYM2,MD,39.206666666667,-77.288611111111
BPAC1,CA,34.527222222222,-117.86111111111
BPCV2,VA,37.251466,-81.27141
BPNW4,WY,42.56717,-109.93015
BPRM1,ME,44.7963889,-68.76777778
BPXC1,CA,37.2333825,-122.3673389
BRAN6,NY,44.863611,-74.778611
BQUC1,CA,34.431111111111,-118.59972222222
BRAI1,ID,42.401667,-111.357156
BRBT2,TX,30.0928,-98.42318
BRBW4,ID,42.210767,-111.053314
BRBO3,OR,44.75262179,-122.1289648
BRDC1,CA,35.9302434,-120.8687915
BRCM6,MS,33.973271,-89.347764
BRDG1,GA,34.881666666667,-84.281666666667
BREP1,PA,40.5225,-75.998611111111
BRFI1,ID,43.495833333333,-115.3075
BRGC1,CA,40.480385,-123.8908461
BRGN6,NY,41.6375,-74.617777777778
BRHC3,CT,41.175819,-73.183969
BRIN6,NY,43.3533,-78.1931
BRKI3,IN,39.4074722,-85.01288889
BRIA2,AK,59.76,-150.83972222222
BRKM2,MD,38.949722222222,-77.127777777778
BRLI4,IA,40.798055555556,-91.091666666667
BRLO1,OH,41.046169,-81.0025922
BRNI1,ID,44.83633,-116.898586
BRNW2,WV,38.842778,-80.620278
BRON1,NE,40.398194,-95.653667
BROC3,CT,41.913888888889,-72.55
BROV2,VA,37.039444444444,-78.9457222222222
BRRK2,KY,36.891944444444,-86.124166666667
BRSN3,NH,43.5665,-71.7479
BRTM2,MD,39.2503611,-76.4041667
BRTA3,AZ,33.8180973,-111.6318055
BRTN6,NY,42.800028,-74.262778
BRUF1,FL,30.450833333333,-85.898333333333
BRTT2,TX,30.104444444444,-97.319166666667
BRTO3,OR,44.2179043,-122.2650676
BRVT2,TX,31.063888888889,-93.519444444444
BRYN6,NY,41.508888888889,-74.986111111111
BRWC1,CA,39.0001727,-121.4066238
BRWU1,WY,41.505501,-111.0146317
BRYA4,AR,36.427222222222,-93.620833333333
BSBA1,AL,34.749166666667,-86.446666666667
BRWO1,OH,41.0483912,-81.0012032
BSHL1,LA,30.6291666666667,-89.8972222222222
BSMT2,TX,29.879444444444,-97.910555555556
BSMF1,FL,27.03361,-82.25011
BSLL1,LA,30.480555555556,-92.631666666667
BSRC1,CA,36.24579648,-121.7732872
BSPN7,NC,35.210833,-81.6975
BSRW4,WY,42.3296,-109.5119
BSRL1,LA,30.13,-91.3225
BSWC2,CO,39.5667,-106.0489
BTAM6,MS,32.603055,-90.36388
BTBM1,ME,43.842373,-69.660084
BSZF1,FL,28.3308333333333,-82.6730555555555
BTCC1,CA,39.45766285,-121.9941417
BTEC1,CA,37.0443931,-122.072464
BTJC1,CA,34.2930555555555,-118.183888888889
BTRL1,LA,30.429166666667,-91.206944444444
BTSI1,ID,43.66805556,-115.7252778
BTNA4,AR,34.567777777778,-92.610277777778
BTVN6,NY,42.9971,-78.1882
BTTA2,AK,66.926111111111,-151.50861111111
BUCK2,KY,37.34,-83.470278
BTTN6,NY,43.108611111111,-73.422222222222
BTYO3,OR,42.447777777778,-121.23861111111
BUCW2,WV,38.186209,-80.130008
BUEC2,CO,39.4558,-106.0311
BURC1,CA,40.788889,-123.438889
BUSO3,OR,43.715833333333,-119.17666666667
BUXL1,LA,30.4231111,-93.4246111
BUXC1,CA,37.2330032,-122.3660306
BVDN4,NJ,40.826388888889,-75.0825
BVRT1,TN,35.27532938,-88.9766303
BVSV2,VA,37.7625,-79.391666666667
BVVN4,NJ,39.2325,-75.0328
BWKI1,ID,43.786456,-114.42515
BWGK2,KY,37.0028201,-86.432768
BVUK2,KY,39.097222222222,-84.482777777778
BWRT2,TX,30.746944444444,-93.608333333333
BWSN2,NV,38.95019444,-115.7032778
BWTA3,AZ,32.07563364,-111.3387156
BXAL1,LA,30.7930555555556,-89.8208333333333
BYML1,LA,30.347777777778,-90.896944444444
BYSA1,AL,30.56517,-88.088
BYNN7,NC,35.76528,-79.13583
BZBM3,MA,41.5236,-70.6711
CABI1,ID,48.085555555556,-116.0575
CAGM7,MO,39.000833333333,-90.6875
CAGI3,IN,39.487222222222,-86.917222222222
CALK2,KY,37.5338888888889,-87.2638888888889
CALA4,AR,33.311111111111,-92.485
CALV2,VA,38.23038,-79.34474
CALT1,TN,35.4927,-83.9796
CAMI1,ID,44.579444444444,-116.64333333333
CALW1,WA,47.96007697,-124.3929872
CAMA4,AR,33.59638888,-92.818055555556
CAMM2,MD,38.573333333333,-76.068333333333
CAMC2,CO,39.2391463,-108.2661946
CAMN4,NJ,40.726111111111,-74.389722222222
CAPL1,LA,29.768055555556,-93.342777777778
CANM7,MO,40.142395,-91.515031
CANO3,OR,45.244166666667,-122.6875
CARF1,FL,30.775555555556,-85.827777777778
CAPN4,NJ,38.9483,-74.8889
CARG1,GA,34.0733333333,-83.0033333333
CARI2,IL,38.092222222222,-88.156111111111
CARM6,MS,32.707222,-89.5263888
CARV1,VT,43.6242324,-73.3115011
CARO2,OK,35.168108,-99.507313
CASW1,WA,46.2748332,-122.9145587
CARV2,VA,37.670833333333,-78.086111111111
CASM1,ME,43.656667,-70.246667
CATK2,KY,38.7103478,-84.3107693
CASU1,UT,40.0496781,-111.5479705
CAWC2,CO,40.1083,-106.0036
CAVA3,AZ,33.88725977,-111.9540388
CAVV2,VA,37.3511,-79.9417
CBAO3,OR,46.181221,-123.183454
CBAC1,CA,38.7711111111111,-120.815277777778
CBBV2,VA,36.9666667,-76.1133333
CBFN7,NC,34.9378,-76.8107
CBEM2,MD,39.621944444444,-78.773333333333
CBGC2,CO,40.1208,-105.9
CBKM8,MT,48.633403,-112.346481
CBUM6,MS,33.5175,-88.4894
CBST2,TX,29.7061111111111,-96.5366666666667
CCBV2,VA,38.113243,-79.011617
CCDP1,PA,40.7203422,-79.5114332
CCDO2,OK,36.3225,-94.685
CCHV2,VA,37.2889694,-75.923545553
CCHM3,MA,42.315,-71.3836
CCHW4,WY,44.521111111111,-107.2
CCIV2,VA,37.535905,-80.034084
CCMA3,AZ,36.9438888888889,-109.71
CCNO1,OH,39.0945044,-84.5104983
CCRN6,NY,41.756666666667,-75.057777777778
CCTM6,MS,33.838611111111,-89.315555555556
CCUC2,CO,39.13276047,-109.0270546
CCSU1,UT,40.7925,-111.87638888889
CCUV2,VA,38.849664,-77.6384891
CCVA2,AK,70.432222222222,-150.40944444444
CDCA3,AZ,35.773611111111,-113.36277777778
CCVT2,TX,28.731,-97.138
CDEN6,NY,43.0825,-76.8775
CDFP1,PA,39.869722222222,-75.593611111111
CDGV2,VA,38.1209,-79.1231
CDLC1,CA,38.87930758,-123.053567
CDOA3,AZ,32.33618529,-111.0420429
CDRC2,CO,37.036569,-107.875333
CDIO1,OH,40.014444444444,-81.587222222222
CECC1,CA,41.745,-124.18305555556
CEDP1,PA,41.5216666666667,-77.4477777777778
CEMC1,CA,38.714722222222,-119.76388888889
CERS1,SC,33.06166667,-80.52438889
CENV1,VT,43.603611111111,-73.013611111111
CENW1,WA,46.711721,-122.978476
CFDM1,ME,44.608055555556,-67.935277777778
CFLK2,KY,37.2333333333333,-83.0333333333333
CFMM8,MT,48.361944444444,-114.18388888889
CGCA3,AZ,36.101388888889,-112.08555555556
CGJC2,CO,39.0545833,-108.5411111
CFWM1,ME,44.657,-67.205
CGGC2,CO,40.48080479,-107.6142338
CGSL1,LA,30.5566666666667,-90.1461111111111
CGRO3,OR,44.136074,-122.247205
CGSC1,CA,34.243611,-117.963611
CGMW1,WA,46.7759343,-123.0356919
CHAC3,CT,41.81616944444,-72.106169444444
CGUC1,CA,34.221111111111,-119.01444444444
CHAN7,NC,35.019722222222,-83.790833333333
CGYC2,CO,39.098611111111,-108.35444444444
CHAG1,GA,33.816944444444,-84.48
CHBC1,CA,36.774167,-120.285278
CHBV2,VA,37.03291,-76.08325
CHAN6,NY,44.846666666667,-75.078055555556
CHAT1,TN,35.056111111111,-85.306388888889
CHAS1,SC,34.174444444444,-81.864166666667
CHCM2,MD,39.5266666666667,-75.81
CHEN6,NY,42.086388888889,-76.801388888889
CHDW1,WA,47.83624,-120.06146
CHEI1,ID,44.018175,-111.566603
CHET1,TN,36.324444444444,-87.224444444444
CHES1,SC,34.708333333333,-79.875
CHFA2,AK,64.8447,-147.7042
CHIV2,VA,37.9023,-75.4078
CHJW1,WA,47.996111111111,-119.6325
CHLC1,CA,36.55357267,-121.5493856
CHLI3,IN,39.717222222222,-87.072222222222
CHLA2,AK,64.886111111111,-147.24722222222
CHKT1,TN,35.0138947,-85.20941039
CHPM3,MA,41.3893,-70.5099
CHRA2,AK,61.20472578,-149.8974826
CHRP1,PA,40.149444444444,-79.901666666667
CHRA3,AZ,33.8277777777778,-110.855555555556
CHRN6,NY,43.1006,-77.8822
CHSO3,OR,42.584444444,-121.848333333
CHTO3,OR,42.12344278,-124.1873107
CHSI2,IL,37.90074167,-89.830211111
CHTS1,SC,32.775037,-79.92399
CHZC1,CA,35.353055555556,-120.78777777778
CHTM3,MA,41.6885,-69.951
CHWA3,AZ,34.636388888889,-110.71361111111
CIKA1,AL,30.78189,-88.07361
CIDI4,IA,41.971944444444,-91.666944444444
CINN6,NY,42.541111111111,-75.899444444444
CIRI2,IL,37,-89.1625
CJBC1,CA,34.179667,-118.879028
CIYW1,WA,46.444166666667,-121.83888888889
CIVU1,UT,40.92050285,-111.4015858
CJKC1,CA,34.2633392,-117.4669944
CJXA2,AK,61.869444444444,-158.11138888889
CKDT1,TN,35.1025,-85.228167
CKLN6,NY,42.035277777778,-75.803333333333
CKFN6,NY,41.946388888889,-74.98
CKTT1,TN,35.1028,-85.232722
CKYM6,MS,32.3261,-88.9092
CKTA2,AK,59.415,-135.93305555556
CLBA1,AL,31.613333333333,-87.550555555556
CKVT1,TN,36.5413888888889,-87.3677777777778
CLAC1,CA,39.236944444444,-121.99472222222
CLAT1,TN,36.5541666666667,-85.5144444444445
CLDA1,AL,31.758333333333,-88.129166666667
CLDI1,ID,47.27444,-116.1889
CLDA4,AR,34.685555555556,-91.315277777778
CLFA3,AZ,36.864722222222,-111.5875
CLFW1,WA,46.900555555556,-121.01805555556
CLFC1,CA,38.9241666666667,-122.564722222222
CLFN7,NC,36.457777777778,-81.560555555556
CLKC1,CA,39.0390283,-122.9132977
CLKM2,MD,39.231388888889,-77.256111111111
CLLC1,CA,34.179444444444,-119.03888888889
CLKM7,MO,39.373333333333,-90.904722222222
CLLP1,PA,40.0175,-79.593888888889
CLKW2,WV,39.23870156,-80.3589793
CLMM3,MA,42.626,-72.8541944444444
CLLU1,UT,40.89522527,-111.4018633
CLNP1,PA,40.716666666667,-79.581111111111
CLMM6,MS,31.237778,-89.846944
CLNT1,TN,35.3875,-87.986111111111
CLNM2,MD,38.837,-76.2806
CLOV2,VA,37.3737,-79.9051
CLPV2,VA,38.350277777778,-77.975277777778
CLOC2,CO,38.33143056,-107.779225
CLRU1,UT,38.81054095,-109.2934493
CLSM6,MS,31.7069,-89.4069
CLTA2,AK,62.558611111111,-150.23388888889
CLSM2,MD,39.088333333333,-76.989722222222
CLUC1,CA,39.2140566,-122.0002508
CLSC1,CA,39.338333333333,-122.02277777778
CLUM6,MS,33.5142,-88.3953
CLVV2,VA,36.944722222222,-82.155
CLTT1,TN,35.5455,-84.04995
CLUG1,GA,32.721388888889,-84.2325
CLYG1,GA,32.52855556,-81.2683333
CLYN7,NC,35.6472222222222,-78.4061111111111
CMDP1,PA,40.4544444444444,-79.3911111111111
CMDS1,SC,34.244444444444,-80.654166666667
CMGC1,CA,33.881667,-118.224167
CMGN6,NY,42.002222222222,-76.635
CMMI4,IA,41.780555555556,-90.251944444444
CMPN6,NY,42.2525,-77.216944444444
CMRC2,CO,38.25819444,-107.5461111
CMSM7,MO,38.680861,-91.773222
CMSN2,NV,40.992222,-117.316667
CMTL1,LA,30.5125,-91.073611111111
CNBC1,CA,41.40600116,-120.9277458
CNFP1,PA,39.8275,-79.372777777778
CNDN6,NY,42.8732222222222,-77.2726388888889
CNEA3,AZ,31.86555556,-110.57
CNMP1,PA,40.4683333333333,-79.3677777777778
CNNI3,IN,37.89950088,-86.70554179
CNNN6,NY,42.062777777778,-75.374722222222
CNON6,NY,42.218055555556,-75.848611111111
CNTI3,IN,39.4975,-86.4005
CNWN3,NH,43.9908,-71.0906
CNWS1,SC,33.832777777778,-79.044166666667
CNVT1,TN,35.784166666667,-87.46
COAU1,UT,37.67219924,-113.034672
COCN2,NV,39.7697777,-116.46444444
COEI1,ID,47.666111111111,-116.77055555556
COGL1,LA,32.0928,-91.5925
COCO3,OR,45.3792874,-122.5773134
COHN6,NY,42.7852777777778,-73.7080555555556
COGW2,WV,38.36594285,-80.6009232
COKW1,WA,46.466388888889,-122.10777777778
COLL1,LA,32.1668,-92.1126
COKW4,WY,42.1265,-110.97325
COLO1,OH,39.9095084,-83.0090724
COLT1,TN,35.6180555555556,-87.0325
COLS1,SC,33.993055555556,-81.05
COMT2,TX,29.96523889,-98.8971667
COMO2,OK,36.928611111111,-94.957222222222
COOA2,AK,60.49219269,-149.8099203
CONW1,WA,48.524444444444,-121.76972222222
COOV2,VA,38.636944444444,-78.853055555556
COQO3,OR,43.15794167,-124.1817944
COPT2,TX,33.356388888889,-95.594722222222
COTC1,CA,40.39820996,-122.1463869
CORO3,OR,44.566388888889,-123.25694444444
COWC2,CO,38.2452,-107.7519
COTO3,OR,43.720833333333,-123.04861111111
CPGM7,MO,37.301944444444,-89.518055555556
CPHP1,PA,40.224722222222,-76.898333333333
CPNN6,NY,42.9182,-77.2328
CPFN7,NC,34.404444444444,-78.293611111111
CPPT2,TX,33.474722222222,-95.5875
CPNK2,KY,37.74535715,-84.5866074
CPTR1,RI,41.717,-71.343
CPSV2,VA,38.1575,-79.0743
CRCP1,PA,40.714166666667,-79.508333333333
CRDC1,CA,37.4319444444444,-121.012777777778
CREM6,MS,30.571388888889,-89.594722222222
CRGA4,AR,36.401944444444,-90.541388888889
CRDU1,UT,41.18068056,-111.4004583
CRHA2,AK,64.86,-146.80333333333
CREC1,CA,41.7914769,-124.0761515
CRKV2,VA,38.36785653,-78.42926505
CRKT2,TX,31.3383333333333,-95.6561111111111
CRLK2,KY,38.117528,-83.532145
CRKT1,TN,36.166667,-83.495556
CRLT1,TN,36.168,-83.5041
CRNA2,AK,63.006388888889,-141.80694444444
CRNN6,NY,42.146388888889,-77.057777777778
CRMV2,VA,38.045594,-79.65408
CRNZ1,WA,47.666111111111,-121.92416666667
CRNW1,WA,47.666111111111,-121.92416666667
CRPW1,WA,46.93926375,-123.3143194
CRSA2,AK,65.190555555556,-147.25416666667
CRPU1,UT,38.504722,-109.658333
CRSW2,WV,38.3472222,-81.63638889
CRTM7,MO,36.194722222222,-89.653611111111
CRSM2,MD,37.9783,-75.8636
CRUA2,AK,69.360555555556,-152.12166666667
CRTN6,NY,42.60282,-76.15929
CRVA2,AK,60.558333333333,-145.75333333333
CSCA3,AZ,32.3511849,-111.0945447
CRZA3,AZ,33.9858809,-110.2809417
CSHL1,LA,32.012777777778,-93.353055555556
CSHO1,OH,40.248333333333,-81.873055555556
CSHW1,WA,47.4238888888889,-123.219722222222
CSDI1,ID,44.52472222,-116.0461111
CSHC2,CO,40.2052,-105.8376
CSKN7,NC,35.87613889,-78.943361
CSRA2,AK,61.148888888889,-149.72944444444
CTAW1,WA,46.730663,-122.953704
CSSC2,CO,39.568055555556,-106.41194444444
CTBC2,CO,39.8911,-106.8316
CTLI1,ID,47.5548,-116.3246
CTHT1,TN,36.2480555555556,-85.9552777777778
CTLU1,UT,38.673859,-109.4501395
CTPN7,NC,35.521944,-82.848056
CUET2,TX,29.090277777778,-97.329444444444
CUSL1,LA,30.494444444444,-90.169444444444
CVEL1,LA,30.476388888889,-90.089444444444
CVPC1,CA,34.688888888889,-119.35694444444
CVCN2,NV,39.21657778,-114.5296389
CVGV2,VA,37.788611111111,-80.000833333333
CVLO2,OK,36.394722222222,-95.81
CWAC1,CA,40.38709797,-122.2386119
CWCM2,MD,39.669722222222,-78.788055555556
CWCC1,CA,40.50487467,-122.2330577
CWMO3,OR,42.741,-123.429
CWYO2,OK,36.104166666667,-94.783055555556
CWOL1,LA,30.296944444444,-93.117777777778
CWWA3,AZ,33.824166666667,-113.53333333333
CXHC1,CA,34.216361,-119.068556
CYCK2,KY,37.864722222222,-83.933611111111
CXVC1,CA,34.336944,-119.293889
CYBC1,CA,35.021944444444,-120.2275
CYTC1,CA,37.1682777,-121.6496677
CYHC1,CA,34.606111111111,-118.66555555556
CYNL1,LA,31.7246,-91.5443
DABV2,VA,36.59727,-79.40405
CZRN6,NY,44.999722,-73.502222
DARL1,LA,30.8888888888889,-90.8444444444444
DARA4,AR,35.226111111111,-93.149444444444
DARM8,MT,45.97205,-114.141
DANP1,PA,40.958055555556,-76.619444444444
DAWM2,MD,39.128055555556,-77.335833333333
DAVN3,NH,43.2509,-71.7322
DBHA2,AK,59.0374,-158.462
DAYM5,MN,47.2527777777778,-93.8
DBDC2,CO,38.3569337,-108.8334347
DBNG1,GA,32.544444444444,-82.894722222222
DBVA3,AZ,34.728611111111,-111.775
DBQI4,IA,42.499444444444,-90.653055555556
DCDV2,VA,37.194314,-78.009122
DCBV2,VA,36.58987,-79.4126
DCKC2,CO,38.17776806,-107.7583927
DCKN2,NV,36.090833333333,-115.02305555556
DCMC1,CA,37.6566666666667,-120.923333333333
DCOC1,CA,38.7892,-123.155803
DCTG1,GA,31.6544444444444,-81.8280555555556
DCSC1,CA,39.2244444444444,-121.2675
DCWC1,CA,39.02628325,-121.4371809
DDMN6,NY,43.274747,-75.427848
DEDI1,ID,44.3111111111111,-115.648333333333
DCYC1,CA,40.645277777778,-123.02277777778
DECA1,AL,34.611388888889,-86.975277777778
DDHU1,UT,38.0941529,-110.4073639
DEEO3,OR,43.219166667,-123.279166667
DELC2,CO,38.75303944,-108.078403
DEFO1,OH,41.279166666667,-84.386666666667
DEKT2,TX,33.683888888889,-94.694166666667
DEPC1,CA,33.631111,-116.391389
DENL1,LA,30.4638888888889,-90.9902777777778
DETC1,CA,35.913974,-119.284027
DEWI4,IA,41.766944444444,-90.534722222222
DETO3,OR,44.722061,-122.250058
DEVN2,NV,41.17875,-115.492575
DGGI1,ID,43.781369,-111.209069
DFCV2,VA,36.58672,-79.37891
DEXO3,OR,43.945833333333,-122.83611111111
DGNC1,CA,37.22516,-120.19852
DIBM6,MS,30.476111111111,-88.893611111111
DICM1,ME,47.1130556,-69.0880556
DILA1,AL,30.25,-88.075
DGTT1,TN,35.957778,-83.546389
DIRC2,CO,39.6038,-106.0116
DINA3,AZ,35.78069444,-110.9304167
DKHC1,CA,34.343055555556,-117.22555555556
DKCC1,CA,35.941666666667,-118.82194444444
DIXN2,NV,40.6849236,-115.8134002
DLAM6,MS,31.97777,-89.8975
DLAC2,CO,38.741944444444,-108.08027777778
DLDA1,AL,32.520833333333,-87.88
DLDI4,IA,42.538611111111,-90.646388888889
DLBM1,ME,45.63235,-68.60704
DLLO3,OR,45.474722222222,-123.125
DLGM8,MT,46.397777777778,-112.74194444444
DLNC1,CA,37.701846,-121.92467
DLMC1,CA,36.4504,-119.0284
DLTN3,NH,44.4101,-71.7206
DLYF1,FL,27.9019444444444,-82.3772222222222
DLYW2,WV,38.809275,-79.8817342
DNSM3,MA,42.66758945,-71.57506809
DNZM7,MO,36.621944444444,-90.8475
DOKC1,CA,37.46053,-120.61535
DOLC2,CO,37.47249296,-108.4975908
DOBC2,CO,38.310277777778,-108.88472222222
DONL1,LA,30.102777777778,-90.959166666667
DOLU1,UT,38.79720805,-109.1951142
DOTW1,WA,46.6173236,-123.277644
DONO3,OR,42.791111111111,-118.86666666667
DORO3,OR,43.78595685,-122.9553524
DOSC1,CA,39.7062356,-123.3252632
DOVM1,ME,45.175,-69.3147222
DOVM3,MA,42.256209,-71.2600558
DPGV2,VA,36.56157,-79.37488
DRBI1,ID,44.29194444,-115.6419444
DRCV2,VA,38.687176,-77.491167
DREI3,IN,39.3392,-85.9864
DRIC1,CA,38.58741046,-122.8622159
DRMC2,CO,37.576936,-108.572594
DRKL1,LA,30.6847,-93.0436
DROV2,VA,36.5784,-79.43138
DRIV2,VA,36.5872,-79.38265
DRGC2,CO,37.2791688,-107.8803445
DRUU1,UT,40.2066,-109.859867
DRRC2,CO,37.63888428,-108.0603517
DRTA2,AK,66.097222222222,-162.74055555556
DSCA4,AR,34.976666666667,-91.4925
DSHP1,PA,40.549166666667,-80.205833333333
DSNG1,GA,31.764444444444,-84.253333333333
DSNC1,CA,37.555,-120.463333
DSRW1,WA,46.852222222222,-122.6675
DSOK1,KS,38.983333,-94.964444
DTTM8,MT,47.930325,-111.552941666667
DTNO1,OH,39.765277777778,-84.1975
DUPT2,TX,28.661944444444,-96.965277777778
DUKN7,NC,36.183333333333,-75.75
DUGT1,TN,35.96,-83.535
DURO2,OK,34.233427,-96.975845
DVLC1,CA,34.185556,-118.173611
DVLV2,VA,36.5625,-79.37
DUUA3,AZ,32.72444444,-109.0991667
DURU1,UT,40.21027778,-109.7813889
DWSG1,GA,34.35805556,-84.11333333333
DWYT2,TX,30.303611111111,-93.743611111111
DWRI1,ID,46.515,-116.29583333333
DYET1,TN,36.029722222222,-89.386944444444
EADM7,MO,38.628888888889,-90.179722222222
EABM3,MA,42.220833333333,-70.978611111111
EAGI1,ID,43.6702777777778,-116.3075
EAMC2,CO,39.55387495,-106.402529
EAGN6,NY,42.938611111111,-73.376944444444
EASI1,ID,48.999166666667,-116.17972222222
EASW1,WA,47.238888888889,-121.17777777778
EAMC1,CA,37.2738144,-121.974220515
EATC1,CA,34.168889,-118.091111
EBKV1,VT,44.959034,-72.697429
EBRS1,SC,33.177543,-80.802367
EBSW1,WA,47.6,-122.34
EBZN6,NY,42.829722222222,-78.775277777778
ECAU1,UT,40.75966979,-111.5640912
ECDO3,OR,43.640833333333,-123.29833333333
ECCC1,CA,34.575833333333,-118.55583333333
ECCU1,UT,40.92244629,-111.6071504
ECMA3,AZ,33.0645062,-109.4422978
ECPU1,UT,40.7238375,-111.5196438
ECWU1,UT,40.9677245,-111.437699
EDEG1,GA,32.1901111,-81.4158611
EDFM2,MD,39.098611111111,-77.471111111111
EDOC1,CA,38.588888888889,-120.84388888889
EFDN7,NC,36.150833333333,-77.693055555556
EELM3,MA,41.941666666667,-70.623055555556
EFRA1,AL,30.44369,-88.11392
EGLC2,CO,39.644611,-107.0780139
EGCO3,OR,44.880555555556,-117.25277777778
EGLO3,OR,42.5248471,-122.8428203
EGLV2,VA,37.342724,-79.849097
EGYC1,CA,37.09583,-121.6013
EGSC1,CA,37.08979,-121.59602
EKTO3,OR,43.5859502,-123.5553727
ELBA1,AL,31.413333333333,-86.063055555556
ELCC2,CO,40.5310672616505,-107.436207924436
ELDO2,OK,35.921111111111,-94.838333333333
ELGV2,VA,36.8398,-76.2502
ELFA2,AK,58.193055555556,-136.34305555556
ELKN7,NC,36.240555555556,-80.849166666667
ELHC2,CO,40.59163879,-107.3208933
ELKO3,OR,42.6787364,-122.7419867
ELNC1,CA,37.1475,-120.6053
ELNO2,OK,35.563107,-97.95755
ELRP1,PA,41.963333333333,-78.386388888889
ELTA2,AK,64.610833333333,-162.25583333333
ELYW2,WV,38.144722222222,-82.383888888889
ELZV2,VA,36.8436,-76.3647
ELZW2,WV,39.0589686,-81.38956408
EMBT1,TN,36.17824965,-82.4551657
EMCM7,MO,37.15408,-91.35817
ELWW1,WA,48.055,-123.58194444444
EMAT2,TX,28.71,-95.9138
ELZN7,NC,34.626666666667,-78.578333333333
EMMC2,CO,39.373333333333,-107.08333333333
EMMI1,ID,43.930555555556,-116.44166666667
EMIU1,UT,40.75,-111.8125
ENGO1,OH,39.87033349,-84.2860557
ENBM6,MS,32.798888888889,-89.335
ENMC2,CO,40.5146975,-106.9539407
ENNA2,AK,64.565277777778,-149.09166666667
ENVI1,ID,47.5722,-116.2528
EOKI4,IA,40.3975,-91.374166666667
ENON7,NC,36.072222222222,-78.907777777778
ENSM6,MS,32.1758,-88.8197
EONN1,NE,42.43317,-98.599133
EPOV2,VA,36.69,-77.540833333333
EPTT2,TX,29.48,-94.9183
EPPR1,RI,41.830833333333,-71.351666666667
EPRT2,TX,31.80319,-106.54131
ERBA2,AK,61.310277777778,-149.57694444444
ERLK2,KY,39.058888888889,-84.616111111111
ERNM8,MT,48.975,-110.42194444444
EROM3,MA,42.5975,-72.438611111111
ESCU1,UT,37.77804389,-111.5746181
ESTN4,PA,40.694444444444,-75.203333333333
ESSC2,CO,40.3756,-105.4878
ESSV1,VT,44.478888888889,-73.139166666667
ESRC1,CA,35.717222222222,-120.63916666667
ETAM6,MS,34.4825,-89.224444444444
ETTC1,CA,40.139278,-123.9913987
ESTO3,OR,45.300555555556,-122.35444444444
ETWC1,CA,34.074722222222,-118.05472222222
EVDT2,TX,30.355555555556,-94.093055555556
EUGO3,OR,44.0525,-123.0827778
EVAW4,WY,41.2698611,-110.9636944
EVDA3,AZ,34.276388888889,-111.63805555556
EVVI3,IN,37.972222222222,-87.576388888889
EWFA3,AZ,33.822222222222,-109.81388888889
EVRM4,MI,43.8991863,-85.2553192
EWGC1,CA,35.653028,-120.508056
EWSN2,NV,38.813611111111,-119.04805555556
EYAA2,AK,60.531111111111,-145.64444444444
EZMV2,VA,36.862,-76.3095
FALO3,OR,43.944444444444,-122.77361111111
FARC1,CA,39.42796385,-120.0340873
FAYN7,NC,35.04722,-78.85805
FAVM2,MD,39.716388888889,-77.824722222222
FBGM3,MA,42.57620079,-71.7881285
FBFF1,FL,25.1421,-80.9221
FBFV2,VA,36.807361,-80.538831
FBLC1,CA,39.045555555556,-121.61055555556
FBNM8,MT,47.8169111111111,-110.666141666667
FCHW4,WY,42.0958,-110.41615
FCFM8,MT,48.495555555556,-114.12666666667
FCSA3,AZ,34.394444444444,-111.63
FCNU1,UT,39.77440566,-111.191006
FDBV2,VA,38.308333333333,-77.529444444444
FDKM2,MD,39.402777777778,-77.366111111111
FDTT1,TN,35.7875,-84.249722
FDFV2,VA,36.908535,-80.338996
FDYO1,OH,41.0558333333333,-83.6880555555556
FELA4,AR,33.03207,-92.08764
FFMO1,OH,41.307831,-83.15881
FFDN3,NH,43.4705555555556,-71.6538888888889
FFXW1,WA,47.028055555556,-122.03138888889
FFTK2,KY,38.2113333,-84.8741111
FICV2,VA,36.988,-80.518719
FGCV2,VA,37.093861,-80.207277
FGLV2,VA,36.956861,-80.351061
FGIV2,VA,36.8795,-80.5892
FISM8,MT,48.355555555556,-115.31388888889
FKLW2,WV,38.635555555556,-79.338055555556
FISC2,CO,40.475,-106.78638888889
FLAV2,VA,37.234444444444,-82.343611111111
FKNO1,OH,39.563055555556,-84.305
FKVR1,RI,41.7328,-71.5503
FKNV2,VA,36.7625,-76.898611111111
FLFV2,VA,36.979639,-80.178189
FLDT1,TN,35.790556,-84.24
FLCN7,NC,35.429167,-82.5525
FLGW4,WY,44.09895,-110.6675
FLLN6,NY,42.453333333333,-76.473055555556
FLMK2,KY,38.67823,-84.32804
FLOA1,AL,34.7869444444444,-87.67
FLSA2,AK,56.6817,-132.9235
FLSL1,LA,30.615833333333,-90.248611111111
FLTA4,AR,33.6073,-93.8138
FLRK2,KY,38.171111111111,-82.634722222222
FLTI2,IL,41.894444444444,-90.156666666667
FMCK2,KY,38.986666666667,-84.365277777778
FMKA2,AK,64.076111111111,-141.63055555556
FMHV2,VA,38.8863,-77.1635
FMMA2,AK,64.066111111111,-141.99722222222
FMWA2,AK,63.889444444444,-142.23222222222
FMRA2,AK,64.309166666667,-141.40222222222
FMWC1,CA,38.759444444444,-121.66638888889
FNNO3,OR,45.488111111111,-122.7349
FOGG1,GA,31.623333333333,-85.063888888889
FODK2,KY,37.89396779,-84.26048609
FOSN7,NC,36.173611111111,-81.745
FPKG1,GA,32.03468,-80.903029
FOSO3,OR,44.414753,-122.670225
FPHT1,TN,36.4980555555556,-82.5086111111111
FPTC2,CO,39.34470844,-106.6736455
FOXR1,RI,41.8067,-71.4006
FPOC1,CA,38.46,-121.5
FPST2,TX,28.935,-95.295
FRAW4,WY,43.02706,-109.77357
FRAT1,TN,35.92084908,-86.86548879
FREN4,NJ,40.526111111111,-75.065
FREU1,UT,38.3069248,-111.5187917
FREN7,NC,34.095,-78.548333333333
FREP1,PA,40.684722222222,-79.6675
FRJN3,NH,43.4229,-71.6529
FRGC2,CO,40.097,-105.972
FRKP1,PA,41.389444444444,-79.820555555556
FRMV2,VA,37.306944444444,-78.388888888889
FRMN5,NM,36.723055555556,-108.22555555556
FRMO3,OR,45.449444444444,-122.95027777778
FRNC1,CA,40.61583333,-124.2016667
FROV2,VA,38.913888888889,-78.211111111111
FRNO3,OR,44.123611111111,-123.29972222222
FRNL1,LA,30.8427777777778,-90.1619444444444
FRRU1,UT,39.10413724,-111.2165589
FRVC2,CO,37.382502,-107.6628383
FRUC2,CO,39.142442,-108.738106
FRWL1,LA,29.555,-92.304722222222
FRWC2,CO,39.9,-105.7761
FRVM3,MA,41.7043,-71.1641
FRYW1,WA,48.9813,-118.7664
FSFV2,VA,36.926266,-79.95671
FSKM7,MO,36.790277777778,-90.200833333333
FSNC1,CA,32.765,-117.16777777778
FTBC1,CA,39.42818069,-123.7377695
FTCN6,NY,44.9894444444444,-74.4961111111111
FSSO3,OR,45.703611111111,-123.755
FTDC1,CA,41.8806419,-124.1364325
FTEN6,NY,43.269444444444,-73.596388888889
FTCN2,NV,39.291666666667,-119.31111111111
FTJC1,CA,41.64069017,-123.015037
FTKM1,ME,47.2833333,-68.58527778
FTMV2,VA,37.001944444444,-76.315
FTSC1,CA,40.21816919,-123.6325017
FTWI3,IN,41.0825,-85.115277777778
FTRK1,KS,39.061666666667,-96.766111111111
FULM6,MS,34.265,-88.445277777778
FWNN2,NV,36.143055555556,-115.06472222222
FWOV2,VA,37.01461,-80.404639
FYTT1,TN,35.1344444444444,-86.5397222222222
FXLC1,CA,37.1898,-121.7334
GADS1,SC,33.8105555555556,-80.8672222222222
GACC1,CA,38.799561,-123.171408
GALW2,WV,38.680277777778,-82.1875
GALS1,SC,34.056944444444,-79.247222222222
GAKA2,AK,62.301388888889,-145.30722222222
GAMA2,AK,63.7837,-171.6821
GARC1,CA,34.89386807,-120.3065463
GATN1,NE,41.662986,-99.635597
GARW1,WA,47.4151086,-121.5873213
GATU1,UT,41.1368878,-111.8324384
GAXV2,VA,36.647222222222,-80.979166666667
GASO3,OR,45.4387,-123.1412
GATV2,VA,36.608611111111,-82.568055555556
GBCT2,TX,29.697777777778,-98.106388888889
GBGC2,CO,38.514256,-106.99545
GAYC3,CT,41.653055555556,-73.490277777778
GBDA2,AK,64.450555555556,-144.94222222222
GBFW4,WY,42.02097,-110.04981
GBRN6,NY,42.397222222222,-74.450833333333
GBTW2,WV,37.5991666666667,-81.8202777777778
GBYC2,CO,40.156,-105.84
GBTC1,CA,34.524444,-119.686389
GCDW1,WA,47.955555555556,-118.98388888889
GCOC2,CO,39.5549819,-107.337554
GCGA2,AK,60.961666666667,-149.13138888889
GCPW2,WV,39.582222222222,-78.31
GCVF1,FL,29.981388888889,-81.634166666667
GCSA2,AK,62.767777777778,-149.69111111111
GDHM6,MS,32.66722,-89.64611
GDTA3,AZ,32.8822686,-113.541306
GEEM6,MS,33.28711,-91.15393
GDVN6,NY,42.854722222222,-78.755277777778
GERO1,OH,39.637777777778,-84.403888888889
GENW3,WI,43.5688,-91.2304
GEOA4,AR,35.128888888889,-91.449722222222
GERT1,TN,35.116388888889,-89.801388888889
GEPC2,CO,38.52915336,-107.648947
GEOV1,VT,44.679166666667,-73.073055555556
GFFN3,NH,43.01675,-71.5511
GEYC1,CA,38.7126453120885,-122.895792291411
GFCC1,CA,37.7669,-119.7749
GHCC1,CA,37.6013,-122.4093
GIBM3,MA,42.236111111111,-72.273055555556
GHBM3,MA,42.0824,-70.6463
GGYM7,MO,40.27926944,-91.49593611
GHHT1,TN,35.726,-83.5129
GIBO3,OR,45.71957668,-118.3232913
GILN5,NM,33.0615,-108.53739
GIDA3,AZ,32.7608789,-114.4205019
GILN6,NY,42.355833333333,-74.445
GLBW1,WA,47.8373546,-121.6667809
GIVS1,SC,33.02794645,-80.3914876
GJNC2,CO,38.98331575,-108.4506446
GLDI2,IL,40.881388888889,-91.0225
GLCA3,AZ,33.18561278,-110.2200903
GLCM3,MA,42.610277777778,-70.660555555556
GLEW2,WV,38.9329722,-80.8382222
GLGM8,MT,45.497222222222,-111.27083333333
GLDN7,NC,35.3375,-77.9975
GLHA3,AZ,32.8827222,-109.4796056
GLEV2,VA,37.365923,-79.817972
GLFM6,MS,30.3933333333333,-89.2063888888889
GLML1,LA,30.995833333333,-92.673611111111
GLKA3,AZ,33.1028404,-110.9765014
GLOO2,OK,34.0975,-94.901944444444
GLNM2,MD,39.256111111111,-77.051111111111
GLNM7,MO,36.805277777778,-93.461666666667
GLTA2,AK,64.5399,-163.0341
GLZM7,MO,39.222222,-92.848611
GMRC2,CO,39.854,-106.2427
GMNM2,MD,39.198888888889,-77.275277777778
GNEN6,NY,42.3243,-75.7713
GNJT2,TX,29.3583,-94.725
GNUK2,KY,38.6466666666667,-82.8605555555555
GNSA1,AL,32.852222222222,-88.154166666667
GNLT2,TX,29.484302,-97.44754
GNVA1,AL,31.041111111111,-85.852222222222
GNVN6,NY,42.868,-76.941
GOLI2,IL,37.357777777778,-88.4825
GORW1,WA,48.671944,-121.246666
GOFN3,NH,42.9481,-71.4634
GORC2,CO,39.60943048,-106.447808
GOSO3,OR,43.980555555556,-122.96527777778
GOWN6,NY,42.463888888889,-78.935277777778
GPRO3,OR,44.45,-122.549
GPSC2,CO,39.64942954,-106.9536554
GPOA2,AK,62.858333333333,-145.61666666667
GRBN6,NY,43.01,-77.7913888888889
GRAO3,OR,42.43039607,-123.3178365
GRAK2,KY,38.25258184,-82.985447
GRCA3,AZ,34.56307975,-112.4448909
GRAP1,PA,40.229444444444,-75.451944444444
GRCC1,CA,38.9036111,-123.6077778
GRDN2,NV,38.84519444,-119.7060833
GRDN6,NY,41.686111111111,-74.165555555556
GREW4,WY,43.14306,-110.97694
GREL1,LA,31.81822,-93.08489
GREM6,MS,33.52254,-90.18083
GRFG1,GA,33.244166666667,-84.429166666667
GRFI2,IL,38.968055555556,-90.428888888889
GRHC2,CO,37.7897,-108.291
GRIT2,TX,30.5719444444444,-94.9486111111111
GRLM3,MA,42.209166666667,-71.146388888889
GRIC1,CA,39.3665551,-121.6471932
GRLK2,KY,37.247777777778,-85.34
GRMA3,AZ,33.168661,-112.0073648
GRMN3,NH,44.4358333,-71.1903
GROU1,UT,40.08479722222222,-109.67583611111111
GRNM1,ME,45.7313,-68.5893
GRSA2,AK,62.520833333333,-145.53083333333
GRRT2,TX,29.3016,-94.8966
GRRW4,WY,41.5161,-109.44925
GRVC2,CO,39.641111111111,-106.39416666667
GRTW2,WV,38.9217307,-81.0947567
GRVU1,UT,38.98608,-110.151247
GRZU1,UT,40.90829296,-109.422914
GSRC1,CA,38.70907868,-123.4266753
GSLS1,SC,34.84234,-82.480681
GSVO3,OR,42.8487314,-123.1789493
GSVT2,TX,33.727883,-97.160013
GTBM3,MA,42.231944444444,-73.355277777778
GTND2,DC,38.9033611,-77.0676667
GTOT2,TX,29.31,-94.7933
GTTI4,IA,42.784,-91.0948
GUDC1,CA,37.2808,-121.8802
GUEC1,CA,38.49935758,-122.9983325
GULA2,AK,62.268888888889,-145.38055555556
GVDA1,AL,34.421388888889,-86.393888888889
GUSC2,CO,38.54193567,-106.9497661
GVHA1,AL,34.4217,-86.3927
GVAC1,CA,36.797778,-120.16
GVVN6,NY,43.4638888888889,-73.2847222222222
GVZW4,WY,43.55776,-110.76308
GWSC2,CO,39.54666667,-107.3308333
GYLP1,PA,39.825,-79.923055555556
GYNK2,KY,38.329166666667,-82.937222222222
GYRC1,CA,39.5248937,-120.9380068
HAIV2,VA,37.20705367,-82.2956933
HADT1,TN,35.168187,-84.297994
HAHW1,WA,47.283888888889,-121.79666666667
HALI1,ID,43.517158,-114.321483
HAGW1,WA,47.65267,-117.44966
HAMA3,AZ,33.88503188,-112.6621198
HAKT2,TX,32.559722222222,-95.206388888889
HAMO1,OH,39.391111111111,-84.572222222222
HAMC1,CA,39.750833333333,-121.99777777778
HANO1,OH,39.667222222222,-80.866111111111
HAPC1,CA,41.83512325,-123.3831113
HARP1,PA,40.254722222222,-76.886388888889
HATM6,MS,31.3431,-89.2803
HARI2,IL,39.160277777778,-90.615277777778
HARO3,OR,44.27040126,-123.1737036
HAVI2,IL,40.293152,-90.069412
HAWG1,GA,32.28277778,-83.46238889
HAWN7,NC,36.087,-79.366
HATU1,UT,37.65109086,-112.4302069
HBGM6,MS,31.4258,-89.4147
HBMN2,NV,40.667688495259,-116.931211770711
HBYC1,CA,40.766944444444,-124.21694444444
HCDI1,ID,45.2544444,-116.6969444
HCGN7,NC,35.208055555556,-75.703055555556
HCFV2,VA,38.9143,-78.1857
HCHC1,CA,38.95767446,-122.3427535
HCKN2,NV,39.869,-116.1669444
HCTC1,CA,39.368333333333,-121.37166666667
HCRO3,OR,43.709575,-122.421111
HDGM2,MD,39.537777777778,-76.089722222222
HDLN6,NY,43.311388888889,-73.867777777778
HDYA4,AR,36.313611111111,-91.482777777778
HDYN6,NY,43.3188888888889,-73.8447222222222
HEAC1,CA,38.61324216,-122.8363818
HEEA4,AR,34.515833333333,-90.584166666667
HEII1,ID,43.612425,-111.659811
HENN3,NH,43.1520237,-71.85730149
HERP1,PA,40.298333333333,-76.668055555556
HEUN6,NY,44.599444444444,-75.379166666667
HFMW4,WY,41.00452778,-109.6675556
HFDC3,CT,41.7690944444444,-72.66755
HFEW2,WV,39.323611111111,-77.728888888889
HGBN6,NY,44.973888888889,-74.665555555556
HGSP1,PA,40.252222222222,-77.021111111111
HHCC1,CA,35.58375,-120.55444
HHDW1,WA,47.2770478,-121.7853845
HIKN6,NY,43.311388888889,-75.108333333333
HIBK2,KY,37.8292447,-84.723835
HINW2,WV,37.670277777778,-80.892777777778
HIST2,TX,29.5947,-94.3902
HKCN6,NY,41.952,-75.277
HIWN7,NC,35.150797,-84.178608
HKCC1,CA,39.7680555555556,-121.776944444444
HKMK2,KY,36.56965,-89.20571
HLEN6,NY,42.003055555556,-75.383888888889
HLDK2,KY,37.553055555556,-83.769166666667
HLHN7,NC,33.9159,-78.2694
HLKW1,WA,47.124166666667,-120.73916666667
HLRF1,FL,28.0220055555556,-82.4350416666667
HLST1,TN,35.929444444444,-89.389722222222
HLWM8,MT,46.4288,-109.8411944
HLZU1,UT,41.632222222222,-111.87833333333
HMFW4,WY,42.11089,-110.70942
HMLT1,TN,35.93006336,-87.7430786
HNKM2,MD,39.6975,-78.177777777778
HNNM7,MO,39.7207,-91.362389
HNKN2,NV,41.4777861,-115.286639
HNOC3,CT,41.671666666667,-72.052777777778
HNTT2,TX,30.0699307434853,-99.3217121935161
HNTW2,WV,38.41341549,-82.500434
HNYI2,IL,41.107278,-89.356222
HNRA2,AK,63.854166666667,-148.95555555556
HODO3,OR,45.654722222222,-121.54888888889
HNYN6,NY,42.9572222,-77.58888889
HOLL1,LA,30.503611111111,-90.677222222222
HOOC1,CA,41.0498236,-123.6736278
HOPC1,CA,39.0265265,-123.1305253
HOPN6,NY,43.353472,-74.268472
HOPW1,WA,46.75848,-118.14885
HOPI1,ID,48.276388888889,-116.34638888889
HOPR1,RI,41.49815516,-71.7164561
HOSC1,CA,36.81675,-121.3926806
HOTI1,ID,42.771111111111,-115.71944444444
HOUC1,CA,39.1654458,-122.6199862
HPIC1,CA,37.73131496,-119.5590514
HOYN2,NV,38.728055555556,-119.42777777778
HPBA2,AK,61.53,-166.15
HPMN3,NH,42.900277777778,-70.818611111111
HPDT2,TX,30.128888888889,-96.1875
HPMV2,VA,37.564417,-79.247842
HRAV2,VA,36.54291,-78.963063
HRDN2,NV,40.7055556,-116.53
HRDM3,MA,42.3933,-72.2392
HRKV2,VA,37.501111111111,-79.262777777778
HRFV2,VA,38.54180703,-78.24383037
HREN2,NV,40.936556,-115.624167
HRMU1,UT,41.6235452,-111.7388286
HRIN2,NV,40.6924,-118.2043
HRPV2,VA,38.532288,-78.120144
HRSI1,ID,43.9433333,-116.1966667
HRNM7,MO,38.709722222222,-91.438611111111
HRRN2,NV,40.86339166666,-117.995083333331
HRSN2,NV,40.11555556,-116.4866944
HRTG1,GA,34.3573,-82.8224
HRWM3,MA,41.7,-70.1075
HSBF1,FL,29.437,-83.293
HSTM5,MN,44.756944444444,-92.866111111111
HSSW1,WA,45.836666666667,-122.46611111111
HSTA3,AZ,33.34726408,-112.7257259
HTSC2,CO,40.0833,-106.0875
HTVP1,PA,40.4025,-76.5775
HUJP1,PA,40.484722222222,-78.019166666667
HURU1,UT,37.16276007,-113.3952285
HUTC2,CO,39.196889,-106.8189167
HUNI3,IN,40.846111111111,-85.468611111111
HVDC1,CA,34.44555556,-119.29027778
HVDN6,NY,42.024722222222,-75.120277777778
HWBM1,ME,46.7836,-67.9891
HVLN6,NY,44.1855555555556,-75.330278
HWRI1,ID,43.9984,-114.020956
HWYP1,PA,41.476111111111,-75.1725
HYAM2,MD,39.275277777778,-77.303611111111
HYMC1,CA,40.64983089,-123.4941718
ICYN6,NY,42.445833333333,-76.5125
IDXA3,AZ,33.440277777778,-111.91444444444
IHDM2,MD,38.60095185,-77.1819244
IIFC1,CA,40.0563888888889,-120.961666666667
IMNO3,OR,45.5623784,-116.8343178
ILNI2,IL,41.425555555556,-91.012777777778
IMBA4,AR,36.205277777778,-91.171944444444
ILRA2,AK,59.7579499,-153.8468866
ILTP1,PA,41.018611111111,-76.865277777778
INDI3,IN,39.73714,-86.16969
INDO1,OH,41.395277777778,-81.62985
INHM3,MA,42.100555555556,-70.823055555556
INDM3,MA,42.16064906,-72.5139756
INOO2,OK,36.164722222222,-95.618888888889
IOLK1,KS,37.9222,-95.4275
IPDI1,ID,44.419641,-111.39801
IOWI4,IA,41.6566832,-91.5410017
IRCT1,TN,35.024153,-87.579021
IRGC1,CA,41.92791865,-122.4441882
ISCN6,NY,42.3556,-78.4539
IRVA2,AK,57.0533333333333,-135.314444444444
ISLI1,ID,44.416389,-111.395278
ISVO1,OH,39.944166666667,-82.491388888889
ISKQ2,AK,56.738888888889,-131.67361111111
ITKA2,AK,57.051666666667,-135.34166666667
ISSW1,WA,47.5525,-122.04666666667
JACM6,MS,32.28138,-90.17888
JACW2,WV,39.0036111111111,-80.4741666666667
JAMM7,MO,37.00667,-93.36472
JALC1,CA,34.513721,-120.484862
JAMC1,CA,36.6525,-120.180278
JBCO2,OK,36.3552777777778,-94.7761111111111
JASO3,OR,43.998611111111,-122.90555555556
JCYC3,CT,41.597777777778,-71.984722222222
JEFT2,TX,32.777777777778,-94.357222222222
JEFN7,NC,36.421666666667,-81.495833333333
JFET2,TX,32.749444444444,-94.498611111111
JESU1,UT,40.40940757,-109.2354043
JFTM2,MD,39.2842,-76.6036
JFFO3,OR,44.714722222222,-123.01416666667
JFFT2,TX,32.712777777778,-94.345833333333
JFFM7,MO,38.587111111111,-92.17863889
JHNO3,OR,44.41848897,-118.9063419
JKNK2,KY,37.551383,-83.384725
JKNT1,TN,35.6175,-88.852222222222
JKSW4,WY,43.37222,-110.73861
JLMV2,VA,37.0118,-76.4551
JMPN7,NC,34.213404,-77.786688
JNEA2,AK,58.298333333333,-134.41166666667
JNSC1,CA,39.2922222222222,-121.103611111111
JNEL1,LA,31.4828,-91.8604
JNSV2,VA,36.661944444444,-83.095
JONV1,VT,44.622777777778,-72.676666666667
JOSI2,IL,41.556111111111,-90.185277777778
JORU1,UT,40.4649,-111.5616
JOPM7,MO,37.02058,-94.51375
JPHV2,VA,37.3156,-77.2233
JORA2,AK,60.094722222222,-152.91055555556
JRSP1,PA,41.202222222222,-77.251388888889
JRDA2,AK,58.363888888889,-134.57972222222
JRSU1,UT,40.73355737,-111.9232703
JSFV2,VA,37.220139,-76.791453
JSNM6,MS,32.3978,-90.0647
JSPT2,TX,31.06075,-94.106025
JSPC1,CA,35.234444444444,-120.66666666667
JUDA4,AR,35.267777777778,-91.639444444444
KALO1,OH,40.990278,-84.226667
KANW2,WV,38.1380555555556,-81.2144444444444
KASN6,NY,43.068888888889,-74.988611111111
KARP1,PA,41.1175,-78.109166666667
KBDM8,MT,48.400833333333,-115.31972222222
KCDM7,MO,39.111722,-94.588139
KCCN2,NV,39.21242911,-117.1134216
KDAA2,AK,57.73028,-152.51389
KCYC1,CA,36.26802087,-121.066303
KCVC1,CA,38.9273642,-122.8435719
KDRL1,LA,30.5025,-92.915555555556
KELW1,WA,46.1425,-122.91611111111
KECA2,AK,55.333055555556,-131.625
KENL1,LA,30.9375,-90.4902777777778
KEOO3,OR,42.133333333333,-121.9611111
KEQI4,IA,40.727777777778,-91.959444444444
KERM8,MT,47.69691,-114.161
KEYA2,AK,60.481388888889,-150.62611111111
KGPC1,CA,36.8089,-118.7781
KGTT1,TN,35.856944444444,-84.529166666667
KGCA2,AK,55.05989,-162.32611
KHBI2,IL,41.106111111111,-90.959444444444
KIDN2,NV,36.1005555555556,-114.943333333333
KIAA2,AK,66.973611111111,-160.13083333333
KINS1,SC,33.661111111111,-79.836111111111
KILO1,OH,40.481454,-81.98598
KIOW1,WA,46.25346748,-119.4780794
KITM2,MD,39.393888888889,-79.181666666667
KIPA2,AK,59.939,-164.0371
KIRO1,OH,41.156723,-81.07954
KITO1,OH,41.156944444444,-81.071944444444
KKVC1,CA,35.945,-118.47694444444
KLMW1,WA,45.9833,-122.835
KLCA2,AK,62.051944444444,-156.21055555556
KLNM6,MS,30.387222222222,-89.441388888889
KLMC1,CA,41.51092575,-123.9794772
KLQK1,KS,39.0461,-94.7894
KLUA2,AK,61.952222222222,-145.30694444444
KNGM3,MA,41.990833333333,-70.734166666667
KNKA2,AK,61.5044605,-149.032765
KNOT1,TN,35.945833333333,-83.946666666667
KNSO2,OK,36.186388888889,-94.706666666667
KOUT2,TX,30.397777777778,-94.263333333333
KPTN6,NY,40.811342,-73.765711
KRBO3,OR,42.23177936,-123.66368
KPTV2,VA,37.165,-75.9883333
KRMC2,CO,40.0367,-106.44
KRHA2,AK,66.045555555556,-154.26166666667
KRKA2,AK,60.491111111111,-150.63055555556
KRVC1,CA,35.754444444444,-118.42333333333
KRRT2,TX,30.053055555556,-99.163055555556
KSCM6,MS,33.032222222222,-89.577777777778
KRZL1,LA,30.568888888889,-91.761388888889
KTBA2,AK,66.891401,-162.60764
KTFW1,WA,48.59435,-118.06249
KTTP1,PA,40.820277777778,-79.531666666667
KVTA2,AK,67.73,-164.59194444444
KUPA2,AK,70.283055555556,-148.96083333333
KWGA2,AK,59.8798,-163.1663
KYDK2,KY,37.013611111111,-88.268333333333
KZTA2,AK,66.895,-162.56638888889
KYTK2,KY,37.0178,-88.27
LAAC1,CA,34.081111,-118.226667
LACW3,WI,43.8136,-91.2589
LABW4,WY,42.19265,-110.16305
LAFI3,IN,40.4219,-86.8969
LAUW1,WA,48.98434,-118.2164
LAWV2,VA,36.716666666667,-77.831944444444
LBFT2,TX,30.020806,-98.330556
LBKC1,CA,35.088055555556,-120.50888888889
LBRN7,NC,34.633611111111,-79.037777777778
LBRG1,GA,31.91991667,-82.6740556
LBVC1,CA,35.103611111111,-120.58138888889
LBYT2,TX,30.0575,-94.8180555555556
LBVT1,TN,35.811842,-87.77875
LBXN7,NC,36.542853,-81.021117
LCCC2,CO,37.44610459,-108.4692562
LCCA3,AZ,35.926388888889,-111.56666666667
LCEV2,VA,36.92302,-76.183479
LCCV2,VA,38.146,-79.0754
LCHL1,LA,30.253611111111,-93.218055555556
LCJA3,AZ,34.901111111111,-110.25472222222
LCLL1,LA,30.223611111111,-93.221666666667
LCJU1,UT,40.66430556,-111.898861
LCLA3,AZ,34.31448635,-109.362315
LCLN2,NV,40.690833333333,-115.47611111111
LCPK1,KS,39.051111111111,-95.386111111111
LCMV2,VA,38.1481,-79.0713
LCPN7,NC,35.838888888889,-78.782222222222
LCNM3,MA,42.6367581,-71.3020047
LCOL1,LA,32.697777777778,-93.957777777778
LCRL1,LA,30.294166666667,-93.262777777778
LCRA4,AR,35.820833333333,-90.4325
LCRM5,MN,43.8646,-91.3078
LCSN6,NY,42.89,-78.645277777778
LCTU1,UT,40.577777777778,-111.79722222222
LCWU1,UT,40.614444444444,-111.84305555556
LCWA3,AZ,35.011666666667,-110.65055555556
LCTN2,NV,38.84715919,-115.367526
LDBL1,LA,32.71329,-92.34076
LDVN6,NY,41.867222222222,-75.214166666667
LDOT2,TX,27.5018333333333,-99.502966666667
LECI4,IA,41.574444444444,-90.403055555556
LDYN6,NY,42.028611111111,-77.1325
LEAO1,OH,41.239166666667,-80.880833333333
LEGC1,CA,39.8745957,-123.7205775
LEEV2,VA,39.019444444444,-77.577777777778
LEKM6,MS,31.148611111111,-88.548055555556
LEOI1,ID,48.6168,-116.0492
LEOM3,MA,42.501666666667,-71.723055555556
LERI1,ID,44.94,-113.63777777778
LESA3,AZ,31.5900961,-109.5089559
LFBC2,CO,37.984361,-107.292097
LFGC2,CO,38.2988888888889,-107.229444444444
LGCC1,CA,36.21467719,-120.4707116
LGAC1,CA,36.166944444444,-120.20888888889
LGBN7,NC,34.2552,-77.9267
LGDW1,WA,46.6575,-117.4311
LGNO3,OR,45.354444444444,-118.19138888889
LGNU1,UT,41.74326439,-111.78272
LGRT2,TX,29.912428,-96.896993
LGXC1,CA,35.26,-120.68222222222
LGRM7,MO,40.039715,-91.497402
LGSW1,WA,46.583,-118.0327
LHAV2,VA,38.747857,-77.090381
LHBA3,AZ,34.897777777778,-110.1625
LHNV2,VA,36.906611,-76.095583
LHTP1,PA,40.829166666667,-75.705555555556
LHDP1,PA,40.45888889,-79.4494444
LHVP1,PA,41.1380555555556,-77.4422222222222
LHPN2,NV,41.4158222222,-117.373511111
LILC2,CO,40.54901667,-108.4243222
LIRV2,VA,37.77374,-79.78449
LITV2,VA,37.4517,-79.7835
LITW2,WV,37.4797778,-81.8383056
LITA4,AR,34.749722222222,-92.269166666667
LIVM8,MT,45.597211,-110.566497
LKCM5,MN,44.4667,-92.2639
LKPC1,CA,34.461388888889,-118.75055555556
LLGT2,TX,29.666111111111,-97.650555555556
LLKW1,WA,47.836666666667,-117.83833333333
LLLN7,NC,35.406111111111,-78.813333333333
LLMN7,NC,35.729,-78.7746
LLYC1,CA,34.543611111111,-119.86388888889
LMGM6,MS,34.180555555556,-90.215277777778
LMNN2,NV,39.01167,-114.2136
LNCP1,PA,40.05,-76.2769
LNGS1,SC,33.9125,-78.715277777778
LNDW1,WA,47.393888888889,-121.95333333333
LNGP1,PA,40.173888888889,-74.957222222222
LNSI4,IA,43.3603,-91.2131
LOCI1,ID,46.15083,-115.5872222
LOCC1,CA,39.4394444444444,-121.058055555556
LOCO1,OH,40.21449409,-84.2441116
LODN4,NJ,40.8902777777778,-74.0808333333333
LOBO3,OR,44.2480555555556,-123.635277777778
LOFC1,CA,33.949444,-118.173056
LOGM6,MS,33.975833333333,-90.257777777778
LOGW2,WV,37.84232616,-81.9759574
LOGM8,MT,45.8862472,-111.442008
LOPW1,WA,46.105555555556,-122.95388888889
LONO3,OR,43.641666666667,-123.08472222222
LOSO3,OR,42.6709595,-122.674762
LOPO3,OR,43.9166666666667,-122.766666666667
LOUN7,NC,36.093055555556,-78.296111111111
LOWN7,NC,35.285278,-81.101111
LPAC2,CO,37.414724,-107.513389
LOYP1,PA,41.325,-76.9127777777778
LOVG1,GA,33.415555555556,-84.384722222222
LOWM3,MA,42.64592464,-71.2983937
LPFN5,NM,36.7375,-108.25027777778
LPHC2,CO,37.28972246,-108.0406277
LPBV2,VA,36.59245,-81.050005
LPHW4,WY,42.85102,-108.6124
LPOL1,LA,30.9305555555556,-90.6733333333333
LPTK2,KY,38.43895654,-84.9632844
LPSC2,CO,36.999722222222,-108.18805555556
LPVC2,CO,37.360153,-107.597762
LPTT2,TX,32.053333333333,-95.436666666667
LRNV2,VA,37.277944,-79.937556
LRWW1,WA,45.9056,-122.7383
LRYA1,AL,31.486831,-87.908865
LRYC1,CA,37.164167,-121.977222
LRZC1,CA,37.68548644,-122.064407
LSBC1,CA,38.474781,-121.588226
LSDW1,WA,47.78461,-117.40438
LSCN7,NC,34.2411,-78.0336
LSHA2,AK,61.626666666667,-149.80083333333
LSLI2,IL,41.323611111111,-89.110833333333
LSDW4,WY,41.028503,-107.548838
LSMO3,OR,44.7916666666667,-122.577777777778
LSOA2,AK,61.709722222222,-149.23194444444
LSRC2,CO,40.99941048,-107.143388
LSTO3,OR,45.438889,-117.426389
LSUA2,AK,61.710277777778,-149.22972222222
LTAW4,WY,41.54607,-109.69347
LTLN6,NY,43.014722222222,-74.779444444444
LTFN4,NJ,40.884722222222,-74.226111111111
LUIT2,TX,29.095,-95.1133
LUKM2,MD,39.478888888889,-79.063888888889
LUCI1,ID,43.52555556,-116.0552778
LULT2,TX,29.6996,-97.6036
LURM6,MS,31.6808,-89.1155
LUSM7,MO,39.4525,-91.046666666667
LUVC1,CA,37.110277,-121.734822
LVOC1,CA,34.133611,-117.744167
LVRN6,NY,43.100277777778,-76.209444444444
LVWC1,CA,35.305833333333,-120.81166666667
LWBP1,PA,40.96758498,-76.8763543
LWCN2,NV,36.1397,-115.0469
LWDC1,CA,35.89663404,-121.0882491
LWSD1,DE,38.7833,-75.12
LWTV2,VA,37.995,-76.465
LWVP1,PA,41.996666666667,-77.140277777778
LWWW1,WA,45.722056,-121.640806
LXHC2,CO,37.99055556,-103.5319444
LWSP1,PA,40.594444444444,-77.582777777778
LXCC1,CA,37.072234,-121.597249
LYLP1,PA,40.456944444444,-79.451944444444
LYMM6,MS,30.4883333333333,-89.0358333333333
LYMC3,CT,41.3125,-72.346388888889
LYDM8,MT,48.4772222222222,-115.313055555556
LYNW3,WI,43.2106,-91.101
LYTI3,IN,40.440555555556,-86.829166666667
LYWV2,VA,38.3225,-78.755
MACC2,CO,39.1634,-106.8807
MACA2,AK,63.119444444444,-146.52083333333
MACG1,GA,32.838611111111,-83.620555555556
MAGL1,LA,30.534722222222,-90.980555555556
MADO3,OR,43.784722222222,-118.33055555556
MAKI1,ID,43.939061,-113.648483
MANN7,NC,35.193611111111,-78.985555555556
MARN7,NC,35.786389,-82.660833
MASM1,ME,46.5230556,-68.3716667
MAUC1,CA,40.2848216,-123.3352727
MARN2,NV,41.53472222222,-117.416944444
MAWN4,NJ,41.0975,-74.1633333333333
MASN2,NV,38.92125,-119.191583
MATA2,AK,61.60862507,-149.0730639
MATM1,ME,45.5011111,-68.3058333
MAXP1,PA,40.001666666667,-79.961111111111
MAYM3,MA,42.432038,-71.4497848
MBET2,TX,28.4217,-96.3267
MAYW1,WA,46.510555555556,-122.615
MBGW2,WV,39.423611111111,-77.938888888889
MBFT2,TX,29.9418847,-94.774366
MBLC2,CO,40.50274666,-108.0334152
MBRC1,CA,34.9069,-117.0219
MBWC2,CO,40.1086,-106.4133
MCAU1,UT,39.7216289,-111.1612827
MCAA2,AK,58.3978,-134.6089
MCCC2,CO,38.9883227,-107.3483853
MCBU1,UT,37.2189,-109.180411
MCDA2,AK,64.800833333333,-147.22777777778
MCGA1,AL,30.6483,-88.0583
MCGI4,IA,43.027,-91.1726
MCEC2,CO,37.3241596822927,-109.015665955344
MCGA2,AK,62.9521517,-155.5887347
MCGL1,LA,29.696388888889,-91.210833333333
MCIT1,TN,35.93,-83.5966
MCKN6,NY,43.6102777777778,-75.1105555555555
MCKO3,OR,45.609444444444,-118.79861111111
MCKG1,GA,31.776111111111,-84.139444444444
MCKN7,NC,35.845,-80.658889
MCMU1,UT,38.4819972,-109.405025
MCLM6,MS,31.107414,-88.80833333
MCNC1,CA,38.3575,-121.34361111111
MCLU1,UT,40.68803889,-111.5337194
MCMO3,OR,45.2069444,-123.1816667
MCPU1,UT,38.5732,-109.5672
MCNM6,MS,33.072361,-88.558778
MCPN4,NJ,41.018333333333,-74.401111111111
MCRI2,IL,38.3983,-87.7564
MCSU1,UT,38.4858,-109.411
MCYP1,PA,41.205555555556,-76.801388888889
MCXI3,IN,40.656666666667,-86.752777777778
MCZO3,OR,44.069849,-122.771187
MDCC2,CO,38.94065,-107.3565111
MDBV1,VT,44.013055555556,-73.168333333333
MDCU1,UT,38.9910556,-111.253886
MDCN2,NV,41.9666667,-117.8308333
MDLM2,MD,39.427222222222,-77.556111111111
MDTO1,OH,39.52,-84.412777777778
MDSC1,CA,37.6271,-120.9843
MEAP1,PA,41.697278,-80.10145
MDVG1,GA,32.81469444,-82.235
MELO1,OH,38.797111,-84.171139
MEMT1,TN,35.123055555556,-90.0775
MEEC1,CA,37.3092,-120.4456
MEHO3,OR,44.789166666667,-122.61861111111
MEDP1,PA,41.6325,-80.159722222222
MERM1,ME,44.7081,-69.9375
MERW1,WA,45.9519444444444,-122.562777777778
MFDN3,NH,42.8426,-71.7067
MFAC1,CA,39.0061111111111,-120.759722222222
MFDP1,PA,41.7969444444444,-77.0805555555556
MFDO3,OR,42.32401547,-122.8667057
MFNW1,WA,48.779444444444,-122.10527777778
MFPC1,CA,39.0252762,-120.594444
MFKA2,AK,67.438333333333,-150.075
MFSO3,OR,43.7208333333333,-122.4375
MFPI1,ID,44.1086111,-115.9822222
MFTC1,CA,39.818888888889,-120.445
MGMA1,AL,32.392236,-86.315406
MGDV2,VA,37.13688,-79.976935
MGPT2,TX,29.6817,-94.985
MGZC1,CA,34.41421944,-119.6958472
MGYP1,PA,40.647222222222,-80.388888888889
MHDP1,PA,40.9275,-79.2913888888889
MHDT1,TN,35.882778,-84.297222
MHDC3,CT,41.5417656,-72.5531454
MHBC1,CA,38.50018619,-121.0452212
MHGP1,PA,40.921666666667,-79.278055555556
MHRV2,VA,37.327584,-80.04045
MHOM6,MS,34.73639,-90.44833
MHPP1,PA,41.607222222222,-76.050555555556
MHSA2,AK,65.001388888889,-150.625
MHTT1,TN,35.887222,-84.323333
MHSN2,NV,41.2526961,-115.2564468
MIDI1,ID,44.7215194,-115.0143472
MILU1,UT,40.694166666667,-111.75083333333
MILW2,WV,39.281944444444,-77.789444444444
MILO1,OH,41.300885,-82.60823
MILN4,NJ,40.68,-74.528888888889
MILM8,MT,46.420772,-105.860033
MIRV2,VA,38.21642,-79.13306
MISO1,OH,41.299501,-80.75841
MJHC1,CA,34.482777777778,-119.30166666667
MJBV2,VA,37.323611111111,-76.4275
MKLK2,KY,38.77525,-84.972389
MKNW1,WA,46.933611111111,-122.55972222222
MKSM6,MS,34.2562224,-90.2659263
MLBA4,AR,35.576944444444,-94.015277777778
MLBM3,MA,42.188888888889,-71.765555555556
MLBO3,OR,42.6512372,-122.6914288
MLGG1,GA,33.089444444444,-83.215555555556
MLGO1,OH,39.171388888889,-84.298055555556
MLIC1,CA,38.042777777778,-121.92
MLII2,IL,41.4625,-90.5
MLKW1,WA,46.00791557,-118.1185595
MLRM2,MD,39.068333333333,-76.651666666667
MLPK2,KY,38.28034736,-85.7991305
MLPC1,CA,36.819,-119.3409
MLRM8,MT,45.526666666667,-112.70083333333
MLUL1,LA,32.500277777778,-92.119722222222
MLVL1,LA,30.690555555556,-91.736111111111
MLUK2,KY,38.26590376,-85.7688518
MMCK2,KY,37.18004845,-86.1124757
MMCC1,CA,41.18611111,-122.0588888
MMOI2,IL,41.328408,-88.755137
MMGO1,OH,39.6445028,-84.2896639
MMDN6,NY,42.7305555555556,-77.9044444444445
MMRW1,WA,47.140833333333,-121.93
MNDA2,AK,58.429722222222,-134.57277777778
MNPV2,VA,36.778333333333,-76.301666666667
MNRO3,OR,44.313055555556,-123.29638888889
MNLM6,MS,30.662222222222,-89.686111111111
MNSP1,PA,40.998611111111,-75.143055555556
MNTG1,GA,32.293055555556,-84.043611111111
MNRC2,CO,37.3572184,-108.254803
MNSW1,WA,47.011666666667,-123.65416666667
MNTM3,MA,42.5802222,-72.5745
MOAN2,NV,36.711111111111,-114.69444444444
MNVN4,NJ,40.555555555556,-74.582777777778
MOCG1,GA,33.946666666667,-83.422777777778
MNYC1,CA,34.446667,-118.4275
MOFW2,WV,39.012222222222,-78.956388888889
MODS1,SC,33.729166666667,-82.181944444444
MODO3,OR,45.6220678,-120.9056203
MOEA3,AZ,36.105,-111.20111111111
MOLG1,GA,33.0475,-84.526388888889
MONL1,LA,30.686111111111,-90.643055555556
MONN7,NC,35.627222222222,-79.116111111111
MONO3,OR,44.8137582,-119.4316565
MONI3,IN,39.007222222222,-86.513333333333
MONV1,VT,44.256666666667,-72.593888888889
MONA2,AK,62.105278,-150.0575
MONP1,PA,41.706944444444,-76.485
MOOV1,VT,44.277222222222,-72.743055555556
MORA4,AR,35.126944444444,-92.731666666667
MORI1,ID,43.648055555556,-115.98972222222
MORW1,WA,47.4092706,-121.7239955
MOSC1,CA,37.786111111111,-121.30611111111
MORI2,IL,41.354583,-88.4285
MORW2,WV,39.62,-79.969166666667
MOWV2,VA,36.585337,-81.314091
MPLO3,OR,44.063333333333,-123.88277777778
MPTC1,CA,37.4974356,-121.7735644
MPLP1,PA,40.392222222222,-77.935277777778
MPTA2,AK,60.433055555556,-149.37388888889
MRDO1,OH,39.79728106,-84.088548
MRDM6,MS,32.475833333333,-88.811111111111
MRCT2,TX,28.699166666667,-95.975
MRFA1,AL,32.10014534,-87.397773019
MRKF1,FL,30.150555555556,-84.210555555556
MRNC1,CA,40.18177947,-123.776116
MRNN6,NY,42.037777777778,-73.9725
MRLV2,VA,38.1323,-79.0921
MRMC1,CA,39.7083333333333,-121.266666666667
MRML1,LA,30.19,-92.590555555556
MROW1,WA,47.831111111111,-122.04722222222
MROI2,IL,39.8311922,-90.55984514
MRRM6,MS,30.978055555556,-88.726944444444
MROS1,SC,33.655,-78.918333333333
MRRV2,VA,38.47822705,-77.99597613
MRTP1,PA,40.054444444444,-76.531111111111
MRYC1,CA,39.1757251,-121.5249647
MRXC1,CA,35.378333333333,-120.85333333333
MSDC1,CA,34.175,-117.880556
MSCM5,MN,44.1595,-91.81
MSGC1,CA,38.05,-121.014166666
MSNA4,AR,35.013055555556,-90.719166666667
MSNN4,NJ,40.1117,-74.0447
MSPM5,MN,45.0433,-93.2794
MSSI3,IN,40.7155032220001,-85.958138882
MSSN7,NC,35.0648,-83.9257
MSQO1,OH,41.299779,-80.75841
MSSN6,NY,44.933888888889,-74.893333333333
MTCM6,MS,31.55333,-90.08805
MTCV2,VA,37.225,-77.475555555556
MTAO1,OH,39.4094444444444,-81.4577777777778
MTGN4,NJ,41.309166666667,-74.795555555556
MTMP1,PA,41.370555555556,-74.697777777778
MTKN6,NY,41.0481,-71.9593
MTOC1,CA,40.31316145,-124.2833536
MTLP1,PA,40.1925,-76.728333333333
MTRN6,NY,42.014472,-74.270194
MTTL1,LA,30.698611111111,-92.893888888889
MTXV2,VA,37.421388888889,-77.859166666667
MTVG1,GA,32.19129079,-82.6331903
MTVV2,VA,36.664183,-79.883794
MUDN2,NV,36.64301,-114.5389
MURV2,VA,37.745666,-79.526419
MUDW1,WA,46.0758333333333,-121.9975
MUPC1,CA,39.182777777778,-122.91083333333
MUSI4,IA,41.390833333333,-91.055277777778
MUTC1,CA,33.4797,-117.1431
MVEW1,WA,48.445,-122.33416666667
MVCO3,OR,43.9533333333333,-117.451666666667
MVEN2,NV,38.004167,-114.206111
MVVC1,CA,34.573055555556,-117.31972222222
MVYN2,NV,37.558378,-114.563056
MWXC1,CA,33.968611,-117.4475
MYKO3,OR,45.549107,-118.774251
MYSU1,UT,38.32803395,-112.1877015
MYPO3,OR,43.06566537,-124.1470479
MYNO3,OR,43.06817778,-124.1078444
MYRU1,UT,40.20023757,-110.0637613
MYRG1,GA,33.666944444444,-83.938055555556
MYVK2,KY,38.684104,-83.783897
MYVT1,TN,35.785536,-83.884703
NACW1,WA,46.7454015,-120.76924
NAMO3,OR,43.778055555556,-117.74194444444
NANM1,ME,44.8692,-69.955
NAPM7,MO,39.133169,-94.064225
NASW1,WA,46.3739937,-123.743482
NAVC2,CO,37.03028919,-106.7378136
NAST1,TN,36.161388888889,-86.772777777778
NBCT2,TX,29.705833333333,-98.122222222222
NATP1,PA,40.615277777778,-79.718611111111
NBGI3,IN,37.928333333333,-87.375
NBDM3,MA,41.62,-70.910277777778
NBRF1,FL,30.289722,-84.149444
NBRT2,TX,29.714722222222,-98.109722222222
NBOI2,IL,41.191388888889,-91.055555555556
NBYC1,CA,35.788611111111,-121.09277777778
NCCC1,CA,39.0694444444444,-122.584444444444
NCAC1,CA,37.429807,-121.978261
NCDV2,VA,38.319722222222,-77.036666666667
NCDC1,CA,37.44056,-121.965235
NCFV2,VA,38.4499,-78.5721
NCHT2,TX,29.7262,-95.2658
NCKN6,NY,43.700833333333,-73.983333333333
NCOC1,CA,38.891111111111,-121.60388888889
NCUW2,OH,40.528055555556,-80.625833333333
NCUC1,CA,39.0711111111111,-122.541666666667
NDGM3,MA,41.866111111111,-71.123333333333
NEBO3,OR,45.284722222222,-122.96027777778
NECL1,LA,32.0708,-91.9281
NEBN1,NE,40.681778,-95.847111
NEIN6,NY,43.097222222222,-75.638888888889
NEPT1,TN,35.960555555556,-83.174444444444
NEWA1,AL,31.342777777778,-85.610555555556
NEWG1,GA,31.306666666667,-84.338611111111
NEWW1,WA,46.620277777778,-122.94388888889
NEVN6,NY,41.441111111111,-74.602222222222
NEUU1,UT,40.5913396,-110.1143226
NFDC1,CA,38.93600919,-121.023833
NFEN6,NY,43.2525,-78.6978
NFDM3,MA,42.6833,-72.4719
NFEC1,CA,40.0111111111111,-121.216944444444
NFFQ2,MT,49.00124,-114.4756389
NFNW1,WA,48.90595739,-121.8443104
NFMC1,CA,34.4925,-119.30555555556
NGFM3,MA,42.230277777778,-71.711388888889
NFVU1,UT,37.2097046,-112.9785512
NHPP1,PA,40.364722222222,-74.948888888889
NHRI3,IN,38.1308333333333,-87.9413888888889
NIAW3,WI,45.767777777778,-87.980555555556
NICS1,SC,34.225833,-79.13444
NILC1,CA,37.58715679,-121.960793
NINA2,AK,60.048333333333,-151.66472222222
NITS1,NC,33.351666666667,-79.186666666667
NITW1,WA,48.9846,-119.6184
NISW1,WA,46.752777777778,-122.0825
NJNT1,TN,36.017777777778,-88.004166666667
NKJT1,TN,34.999167,-85.619167
NIXN2,NV,39.7773722,-119.3375222
NKTT1,TN,35.008611,-85.627222
NLGL1,LA,32.089167,-91.489722
NKSW1,WA,48.84483249,-122.5893389
NKTA2,AK,60.6666666666667,-151.385555555556
NLHC3,CT,41.361,-72.095556
NLGI2,IL,39.93952,-90.535273
NLSA2,AK,56.004067,-161.175087
NMDM7,MO,36.58306,-89.53222
NMFC1,CA,39.0237732,-120.720604
NMDV2,VA,36.739166666667,-76.582777777778
NMTA2,AK,64.5,-165.41888888889
NNKA2,AK,58.7321,-156.9833
NOKF1,FL,27.1185027777778,-82.451425
NOLK2,KY,37.278333333333,-86.2475
NOCG1,GA,33.969722222222,-83.3775
NOHV2,VA,37.7626,-79.5503
NORL1,LA,29.934722222222,-90.136111111111
NOMT1,TN,36.405277777778,-88.854722222222
NOTG1,GA,34.958333333333,-84.088333333333
NORI3,IN,39.9106,-86.1056
NPOC1,CA,35.280555555556,-120.66805555556
NPTP1,PA,40.478333333333,-77.129444444444
NPTA4,AR,35.605277777778,-91.288888888889
NPTC2,CO,38.179388,-104.139428
NRBL1,LA,30.504166666667,-90.545833333333
NRDA2,AK,59.935555555556,-158.18777777778
NRKW1,WA,48.84178209,-122.2943258
NRSP1,PA,40.111111111111,-75.347222222222
NROV2,VA,37.186749,-80.352517
NRWC1,CA,34.637222222222,-120.42444444444
NRSV2,VA,36.8424132,-76.5224197
NRWM3,MA,42.1775987,-71.2008863
NRTT1,TN,36.220833,-84.090278
NRST1,TN,36.2275,-84.093611
NRWN7,NC,35.156944,-80.165556
NSHN3,NH,42.7634,-71.4428
NSPW1,WA,47.32981429,-123.2432128
NSTN3,NH,44.7498,-71.6317
NSSW1,WA,48.67761256,-122.1665454
NSWV2,VA,37.476388888889,-75.935277777778
NTFV2,VA,37.5077,-79.9032
NTZM6,MS,31.544017,-91.433412
NTKM3,MA,41.2853,-70.0964
NTRV2,VA,38.66433029,-78.21777605
NTWV2,VA,37.134927,-81.51539
NTYV1,VT,44.972777777778,-72.385833333333
NVIW3,WI,42.8575,-88.9409
NVRC1,CA,39.1704079,-123.6680415
NVRN6,NY,41.826944444444,-74.638888888889
NWFM1,ME,44.2228,-69.5939
NWMC1,CA,37.3504928,-120.97715
NWBI3,IN,38.9281,-87.0193
NWPT1,TN,35.982812,-83.160088
NWPO1,OH,40.480833333333,-81.448333333333
NWPR1,RI,41.5044,-71.3261
NWTO1,OH,41.127279,-80.977591
OAKA3,AZ,34.861666666667,-111.76111111111
OAKO3,OR,43.801388888889,-122.55972222222
OACA3,AZ,34.764444444444,-111.89027777778
OAKT1,TN,35.9831307,-84.557992
OARM6,MS,32.298333,-88.753611
OBBC1,CA,37.788238,-120.762503
OAWU1,UT,40.7371721,-111.2479652
OBLA1,AL,30.7083,-88.0433
OBCL1,LA,30.639722222222,-92.814444444444
OBNT1,TN,36.24076,-89.217575
OCAW4,WY,43.72388,-108.53527
OCAN7,NC,35.115277777778,-75.987222222222
OCAT1,TN,35.095,-84.6466
OCIM2,MD,38.3283333,-75.0916667
OCCT1,TN,35.040426,-84.466672
OCTT1,TN,35.0966,-84.6541
OCUO3,OR,45.348055555556,-122.62055555556
OCNG1,GA,32.787222222222,-82.957222222222
ODBV2,VA,38.698403,-77.485381
OFAM6,MS,32.70611,-89.67194
OFRP1,PA,41.359166666667,-75.744722222222
OGHU1,UT,41.26855226,-111.6741004
OGSN6,NY,44.6319444444444,-75.4761111111111
OHHT1,TN,36.2641,-86.63912
OHOC2,CO,38.587777777778,-106.93083333333
OIBN7,NC,33.8955,-78.435
OHIT1,TN,36.296666666667,-86.658333333333
OILC1,CA,35.51416,-118.90602
OKBO2,OK,35.565615,-97.367258
OKGM4,MI,43.43085818,-85.5955989
OKNW1,WA,48.93072,-119.4203
OKMW1,WA,48.28126,-119.7045
OLNN6,NY,42.072222222222,-78.451944444444
OLSA2,AK,52.94061,-168.87131
OLVL1,LA,30.75638889,-91.04388889
OMHN1,NE,41.259054,-95.923221
OMIC1,CA,37.43736,-122.21336
ONAV2,VA,37.71112,-75.7545
ONCN4,NJ,39.2858,-74.5756
ONDN6,NY,42.983333333333,-76.151111111111
ONSC1,CA,41.30343278,-123.5344618
OPDU1,UT,41.254387,-111.8557727
ONGM2,MD,39.4047222222222,-76.7794444444445
OPLP1,PA,39.870833333333,-79.493055555556
ORCO3,OR,45.3579,-122.6098
ORAM6,MS,30.458611111111,-88.451944444444
ORFC1,CA,39.628055555556,-121.99305555556
ORBS1,SC,33.483333333333,-80.873611111111
OREC1,CA,37.31549247,-121.1252081
ORFI1,ID,46.478611111111,-116.25638888889
ORIC1,CA,41.2992896,-124.0511825
ORIN7,NC,35.796388888889,-75.549722222222
ORIV2,VA,37.47588,-79.876154
ORTW1,WA,47.039444444444,-122.20666666667
OSAC1,CA,34.76691944,-120.43335
OSGA4,AR,35.660555555556,-89.933055555556
OTRM3,MA,42.588333333333,-72.041388888889
OSYM6,MS,31.012222222222,-90.461111111111
OTTC1,CA,38.5514444,-121.1099722
OTTO1,OH,41.017,-84.0469
OURC1,CA,39.4116666666667,-120.996944444444
OVIA2,AK,59.44,-151.72
OWSN6,NY,42.898888888889,-76.538055555556
OXDM6,MS,34.272777777778,-89.521388888889
OWGN6,NY,42.097222222222,-76.266666666667
OYTC1,CA,34.268417,-118.743139
OWYO3,OR,43.654722222222,-117.25444444444
PABN4,NJ,40.5039,-74.2622
OZGA4,AR,35.4725,-93.812777777778
PACI1,ID,46.731944444444,-117.02417
PACW1,WA,46.613055555556,-121.67805555556
PADP1,PA,39.967777777778,-75.188888888889
PAHK2,KY,37.089444444444,-88.594444444444
PACW4,WY,43.85048,-110.51757
PALI1,ID,43.349964,-111.217386
PALN2,NV,40.6075,-116.200833
PARN6,NY,44.598611111111,-74.7375
PARI1,ID,43.78166667,-116.9727778
PARW1,WA,46.4970718,-120.4428397
PARP1,PA,41.100555555556,-79.681388888889
PATC1,CA,37.493888888889,-121.08083333333
PATW1,WA,48.0774,-119.9851
PARW2,WV,39.2680555555556,-81.5638888888889
PASV1,VT,44.365555555556,-72.039722222222
PAWW2,MD,39.538888888889,-78.456388888889
PAWR1,RI,41.888611111111,-71.381944444444
PAZM7,MO,37.194444444444,-90.503333333333
PBGN6,NY,44.681666666667,-73.471666666667
PBFA4,AR,34.288611111111,-91.994722222222
PBIV2,VA,36.63625,-81.157444
PCDC1,CA,34.33,-118.399444444444
PCCC2,CO,39.1836111,-108.2683333
PCGC1,CA,38.7787587,-122.51745
PCEV2,VA,36.642222222222,-79.089722222222
PCGV2,VA,38.1637,-79.0862
PCKW4,WY,44.53582,-106.82248
PCLF1,FL,30.4044,-87.2112
PCKN2,NV,40.38125,-116.1251389
PCNC1,CA,33.745,-116.534722
PCWV2,VA,38.1349,-78.3928
PDES1,SC,34.204166666667,-79.548611111111
PDTO3,OR,45.67207498,-118.7927637
PEBN4,NJ,39.969444444444,-74.684444444444
PERL1,LA,30.385,-89.7366666666667
PEPN6,NY,42.077222222222,-74.967777777778
PESW1,WA,47.5832,-120.6195
PFAA4,AR,33.97861111,-91.384444
PETW2,WV,38.991111111111,-79.176111111111
PGFM6,MS,30.610555555556,-88.641388888889
PHDP1,PA,39.9566,-75.1803
PHBP1,PA,39.9333,-75.1417
PHCN2,NV,39.89030556,-116.3782778
PHIW2,WV,39.150277777778,-80.038888888889
PHNA2,AK,56.921388888889,-158.80611111111
PHIO3,OR,44.525,-123.334722
PHLA2,AK,63.240833333333,-145.4675
PHLO3,OR,44.672222222222,-117.99444444444
PHOC1,CA,36.98,-121.3802778
PIAI2,IL,40.703339,-89.561251
PIDC2,CO,37.0883333333333,-107.397222222222
PIEN6,NY,44.234167,-74.571667
PIHI1,ID,42.871614,-112.468206
PIIC1,CA,36.60936829,-121.2029416
PINN4,NJ,40.8625,-74.321666666667
PILW1,WA,47.935,-122.07194444444
PIQO1,OH,40.150833333333,-84.228888888889
PITW1,WA,45.75651098,-121.2100714
PIXW4,WY,41.93796,-110.98689
PKMN6,NY,41.7205,-73.9387
PKMK2,KY,38.268611111111,-84.814722222222
PKTO1,OH,39.07006954,-83.0196224
PKVM7,MO,39.191653,-94.769842
PLAM6,MS,32.8414,-89.0978
PLGA4,AR,34.972777777778,-90.884722222222
PLDI1,ID,43.330278,-111.20612
PLFA3,AZ,36.872222222222,-111.59388888889
PLKT1,TN,35.195,-87.063888
PLMN3,NH,43.7592,-71.6856
PLOI1,ID,46.91528,-116.9511
PLNM8,MT,47.429722222222,-114.855
PLYC1,CA,41.2307286,-120.4371726
PLVO2,OK,34.754802,-97.251412
PLXA2,AK,56.246666666667,-134.64666666667
PMAN6,NY,43.0651,-77.2494
PMAW2,WV,39.72,-79.856111111111
PMRP1,PA,39.72697,-79.911431
PMOA2,AK,55.99,-160.562
PNCP1,PA,40.866666666667,-77.048611111111
PNFG1,GA,33.721111111111,-83.295555555556
PNEC1,CA,36.65245145,-120.6321186
PNKI1,ID,42.7918333,-112.2520694
PNTA3,AZ,32.0359141,-110.6775818
PNVO1,OH,41.718888888889,-81.228055555556
POCA4,AR,36.254166666667,-90.970277777778
POCC1,CA,34.402222222222,-118.90527777778
POLA3,AZ,35.65480556,-110.563
POHC1,CA,37.71687138,-119.6662788
POOC3,CT,41.41925,-73.2821
POPW2,WV,38.8438888888889,-82.1397222222222
PORO1,OH,38.72913196,-82.9968686
PORI1,ID,48.99639,-116.5075
PORI3,IN,40.4277777777778,-85.0388888888889
PORM2,MD,39.273611111111,-77.543055555556
POWO3,OR,42.89149904,-124.070652
PPBM7,MO,36.759722222222,-90.388055555556
PPFK1,KS,37.34006,-95.10997
PPTN4,NJ,40.991944444444,-74.28
PPPN4,NJ,40.969722222222,-74.281944444444
PPPU1,UT,40.23925556,-111.7111944
PRBM2,MD,39.30886944,-77.63098889
PRAI2,IL,40.630578,-89.625928
PRBC1,CA,35.628611111111,-120.68333333333
PRBQ9,AK,67.424166666667,-140.89111111111
PRCM8,MT,47.586111111111,-115.35416666667
PRCI1,ID,47.70611,-115.9792
PRDT2,TX,29.52,-104.28638889
PRDA2,AK,70.4,-148.52666666667
PRDK2,KY,37.263888888889,-86.977777777778
PRDW1,WA,46.62874,-119.8647
PRII1,ID,46.498611111111,-116.76194444444
PRIO1,OH,41.1313888888889,-80.9713888888889
PRLI1,ID,44.08527778,-115.6222222
PRLI3,IN,38.435,-86.705555555556
PRLU1,UT,40.709444444444,-111.79666666667
PRPI1,ID,44.0422222,-116.9252778
PRSG1,GA,32.0525,-84.548333333333
PRTN6,NY,42.5702,-78.042
PRTO3,OR,45.5175,-122.669166667
PRTV2,VA,37.834596,-75.979416
PRTI1,ID,48.2085,-116.9146
PRZU1,UT,41.5754898,-111.8552203
PRVT1,TN,35.624722222222,-88.038888888889
PSBM1,ME,44.91889,-67.01194
PSBC2,CO,39.7957222,-106.5743472
PSDC1,CA,34.090833,-117.807778
PSNW2,WV,39.121666666667,-79.675277777778
PSPC2,CO,37.26552778,-107.011
PSPT1,TN,35.014236,-86.994657
PSVU1,UT,38.44580556,-109.38525
PTNP1,PA,40.241666666667,-75.651944444444
PTTA4,AR,35.2697222,-91.23638888
PTRI3,IN,38.51088224,-87.2894583
PTTP1,PA,40.439444444444,-80.010833333333
PTRN3,NH,42.8626,-71.9592
PTTC1,CA,37.48659935,-121.2091026
PTVK2,KY,37.81553,-82.790675
PTVN6,NY,42.319444444444,-74.436944444444
PUTC3,CT,41.909475,-71.91386389
PUYW1,WA,47.208611111111,-122.32583333333
PUCA3,AZ,35.18224625,-109.4470509
PULW1,WA,46.73238,-117.181
PVLK2,KY,36.7638888888889,-83.6927777777778
PUWO3,OR,45.151231,-122.804326
PVHC1,CA,34.460555555556,-117.93166666667
PVHM3,MA,42.0497,-70.1822
PVLL1,LA,30.3325,-90.8519444444444
PVUC1,CA,35.106608,-120.626086
PWBA3,AZ,32.2206319,-110.829531
PWDM7,MO,37.1855,-91.1779
PWBC1,CA,34.146806,-118.843111
PWDO3,OR,44.768333333333,-117.83055555556
PYAV2,VA,37.857777777778,-78.266111111111
QCCO3,OR,44.540277777778,-122.43527777778
QLDI2,IL,39.902245,-91.430302
QMSC1,CA,35.27475,-120.669675
QPCC3,CT,41.6034,-72.8832
QPTR1,RI,41.5869,-71.41
QNRN2,NV,41.974,-117.5956944
QUAO2,OK,36.934444444444,-94.746111111111
QUSW2,WV,38.47203988,-81.2841933
QUAM3,MA,41.592222222222,-70.508333333333
RACW2,WV,38.9166666666667,-81.9122222222222
RAPN6,NY,43.0930555555556,-78.6361111111111
RATM6,MS,32.59416,-89.84055
RAPV2,VA,37.9504,-76.8867
RAWV2,VA,36.983333333333,-77.8
RAWW1,WA,46.5319,-121.9569
RBBT2,TX,29.98,-93.8817
RBPC2,CO,37.203611111111,-106.81055555556
RBOC1,CA,34.073611,-118.075833
RBRU1,UT,40.78,-111.80416666667
RCCN7,NC,35.0107,-79.0161
RCCM8,MT,46.7225,-113.68222222222
RCKI2,IL,41.517777777778,-90.561944444444
RCKN6,NY,42.377777777778,-75.406388888889
RCKN2,NV,39.78977778,-116.3009444
RCMC2,CO,39.913944,-106.7273056
RCRV2,VA,37.397222,-80.80122
RCSC1,CA,34.438611,-118.278056
RDBG1,GA,34.564166666667,-84.833055555556
RCYC2,CO,39.23263889,-107.2275
RDBC1,CA,40.154444444444,-122.20194444444
RDDA2,AK,67.576944444444,-164.065
RDFV2,VA,37.141666666667,-80.569444444444
RDLO3,OR,42.9234502,-123.428957
RDRC1,CA,36.4748611,-121.7288889
RDOM4,MI,44.676944444444,-84.2925
RDRP1,PA,40.334722222222,-75.936666666667
RDWM5,MN,44.6103,-92.6103
REDG1,GA,32.07713889,-82.1765
RDYD1,DE,39.5583,-75.5717
REEO3,OR,43.705,-124.095
REDM5,MN,44.5653,-92.5424
RENV2,VA,38.530555555556,-77.813888888889
RERC2,CO,39.50831949,-106.3666948
RESA2,AK,60.195,-149.58944444444
REXI1,ID,43.825858,-111.905011
RFDG1,GA,32.64927778,-81.8407778
RFRV2,VA,38.760903,-77.619053
RGAC1,CA,35.4087528,-120.5670083
RGCV2,VA,37.2845,-79.9013
RGHV2,VA,38.37957781,-77.78513038
RGBV2,VA,37.2411,-79.9221
RGLN4,NJ,40.594722222222,-75.189722222222
RHGC1,CA,34.0583333333333,-118.070833333333
RHBV2,VA,37.288,-79.9792
RHCC1,CA,34.0166666666667,-118.0875
RHLL1,LA,31.754166666667,-92.344444444444
RICA3,AZ,32.30340807,-111.0120406
RHRN6,NY,43.1806,-77.6278
RICV2,VA,37.525,-77.421111111111
RIGI1,ID,45.413055555556,-116.32472222222
RIDI1,ID,43.580278,-111.742778
RIGA4,AR,35.671666666667,-90.338055555556
RINA3,AZ,32.12952258,-110.625914
RILA3,AZ,32.2714643,-110.9145354
RIOC1,CA,38.50852336,-122.9277737
RIPC1,CA,37.72965078,-121.1104934
RISW1,WA,47.3325,-120.08
RJQC1,CA,37.144361,-119.455076
RLOT2,TX,29.515,-94.5133
RLTT1,TN,35.637222,-89.609444
RLMV2,VA,38.0196,-79.4325
RMCV2,VA,37.252193,-79.998097
RMDV2,VA,37.563055555556,-77.547222222222
RMFM1,ME,44.5519,-70.5441
RMKC1,CA,38.6410198,-122.7638792
RMRV2,VA,37.2468,-79.9797
RMYT2,TX,30.425,-94.8505555555556
RMSC1,CA,38.8898988,-122.2383082
RMOT2,TX,29.582222222222,-95.7575
RNOO1,OH,39.360277777778,-81.320833333333
RNTW1,WA,47.482777777778,-122.20222222222
RNDV2,VA,36.915,-78.741111111111
ROBL1,LA,30.506388888889,-90.361666666667
ROCM6,MS,31.79083,-90.1425
ROCN2,NV,40.830277777778,-116.58833333333
RODW1,WA,48.7327777777778,-121.067222222222
ROHN6,NY,43.141666666667,-77.616388888889
ROKN7,NC,35.954166666667,-77.7875
ROKU1,UT,40.4932799,-110.5782169
RONN6,NY,41.799166666667,-74.43
RONV2,VA,37.258333333333,-79.938888888889
ROSN6,NY,41.843055555556,-74.086388888889
ROUN6,NY,44.996389,-73.359722
ROVP1,PA,41.3237,-77.75
ROWW2,WV,39.349763,-79.667919
ROST1,TN,35.054166666667,-89.540833333333
ROST2,TX,29.349444444444,-95.582222222222
RPCV2,VA,37.2827,-80.0089
ROXM1,ME,44.6428,-70.5889
RPIL1,LA,30.952777777778,-93.352777777778
RRGC2,CO,39.62692468,-107.7575645
RRHW1,WA,47.530277777778,-120.29694444444
RRCV2,VA,38.759361,-78.02797
RRLK2,KY,37.62,-86.499444444444
RRLL1,LA,30.960833333333,-91.664444444444
RRLV2,VA,38.6841,-77.9035
RRIC1,CA,37.963055555556,-121.36472222222
RROV2,VA,38.47340893,-78.31444543
RRTN4,NJ,40.570555555556,-74.679166666667
RRVA2,AK,61.09004878,-146.2001863
RSAM6,MS,31.3247,-91.1094
RRUV2,VA,38.28096725,-78.13964334
RRWL1,LA,31.2194,-91.7522
RRVL1,LA,30.055555555556,-90.568611111111
RSCG1,GA,34.577222222222,-84.941944444444
RSFN5,NM,33.7171055555556,-108.757219444444
RSGN2,NV,40.59479722222,-116.17326944444
RSPF1,FL,26.51743,-81.992556
RTMG1,GA,34.26052778,-85.17088889
RTSC1,CA,37.4606,-121.963
RUDC2,CO,39.36554075,-106.8255948
RTRV2,VA,37.2764,-79.9486
RULN1,NE,40.05361,-95.4219
RUFC1,CA,39.00028,-120.723053
RUPM8,MT,46.4277194,-108.5701028
RUMN3,NH,43.7956,-71.8454
RVBC1,CA,38.159722222222,-121.68638888889
RVRN6,NY,43.609444444444,-73.7375
RVRT2,TX,30.8591666666667,-95.3986111111111
RVSC1,CA,34.175833333333,-119.09916666667
RVTI3,IN,39.020277777778,-87.568611111111
RYEA4,AR,33.700833333333,-92.025833333333
RYVN6,NY,44.838888888889,-74.979166666667
RYPN6,NY,40.9623,-73.6726
SACC1,CA,38.588673,-121.504967
RYGO3,OR,42.43734597,-122.9872678
SACN6,NY,43.315833333333,-73.9275
SACM2,MD,39.449722222222,-77.730277777778
SACM8,MT,48.5092,-107.21875
SALA2,AK,64.47152778,-146.9280556
SALT1,TN,35.375555555556,-88.201388888889
SAKW1,WA,48.4247222222222,-121.567222222222
SALW4,WY,43.07972,-111.03722
SALV2,VA,36.896666666667,-81.746388888889
SAMC1,CA,38.568888888889,-121.4225
SAMA2,AK,58.444722222222,-135.74194444444
SAPA3,AZ,31.62592644,-110.1745226
SAPN1,NE,40.9767,-97.1584
SARM6,MS,34.575555555556,-90.224444444444
SAVM5,MN,44.788,-93.3294
SAVT1,TN,35.224722222222,-88.256944444444
SAXM3,MA,42.3253732,-71.3975605
SAXV2,VA,37.9188,-75.7275
SATW1,WA,47.000833333333,-123.49361111111
SATI1,ID,47.17611,-116.4933
SBCA3,AZ,32.3147222,-110.8109167
SBNV2,VA,36.693333333333,-78.900555555556
SBNG1,GA,31.121666666667,-81.483055555556
SBRC1,CA,41.3765154,-123.4770026
SBYP1,PA,40.834444444444,-76.826944444444
SBXC1,CA,34.558055555556,-119.12055555556
SCCA3,AZ,31.8714728,-110.9800905
SCBC1,CA,40.002947,-120.9543994
SCCN2,NV,36.159722,-115.044444
SCCC1,CA,34.596667,-119.907778
SCCC2,CO,38.9016487,-107.921176
SCDT2,TX,28.861388888889,-97.226111111111
SCEV2,VA,38.820779,-78.567569
SCJU1,UT,40.73522634,-111.4760313
SCHV2,VA,38.438131,-78.862755
SCIR1,RI,41.75,-71.5891666666667
SCKA2,AK,55.801388888889,-133.10861111111
SCLM7,MO,38.788888888889,-90.470833333333
SCLN6,NY,44.509722222222,-74.883611111111
SCLO3,OR,45.46927968,-123.200109
SCNA3,AZ,31.3445443,-110.851474
SCNO3,OR,42.4861111,-121.2777777
SCOC1,CA,40.49149394,-124.0997407
SCRA1,AL,34.643611111111,-85.980277777778
SCPC1,CA,34.403611111111,-118.73833333333
SCRN2,NV,39.377133,-119.7436583
SCRO3,OR,43.349842,-122.7289415
SCRO1,OH,39.273333333333,-84.411111111111
SCSU1,UT,40.72755556,-111.927361
SCTM3,MA,42.199444444444,-70.72
SCTA3,AZ,32.47145874,-111.3076074
SCWN2,NV,39.513055555556,-119.71138888889
SDDC1,CA,36.411076,-121.3193738
SDIC1,CA,34.152222,-117.771389
SDHN4,NJ,40.4667,-74.01
SDMM3,MA,41.585277777778,-70.990833333333
SEBV2,VA,36.770278,-77.166389
SEGT2,TX,29.551944444444,-97.969722222222
SEIC1,CA,41.8537379,-123.2322733
SEIM1,NH,43.079755,-70.741071
SEKC1,CA,35.355833333333,-120.785
SEKU1,UT,38.20609038,-112.2077024
SELI1,ID,46.086666666667,-115.51277777778
SESM3,MA,41.7519,-70.1539
SERI3,IN,38.9825,-85.8992
SERO3,OR,44.7937468,-120.006677
SEVT1,TN,35.878333333333,-83.577777777778
SESC1,CA,34.4416618,-118.9273212
SFCC1,CA,37.42327257,-122.1894095
SFBN7,NC,36.2764,-81.5521
SFCA3,AZ,33.04950776,-109.2959047
SFCM8,MT,48.356666666667,-114.03666666667
SFFA3,AZ,33.404357,-112.168729
SFCO3,OR,44.046944444444,-122.21777777778
SFEN1,NE,42.251518,-98.338579
SFHN2,NV,40.6275,-115.73055555556
SFHC1,CA,34.1122222222222,-117.968611111111
SFLN2,NV,41.94472222,-114.68861111
SFRA4,AR,36.455833333333,-90.137777777778
SFOR1,RI,41.818611111111,-71.705555555556
SFSV2,VA,38.646111111111,-78.535
SFRW4,WY,41.0538611,-110.3986389
SFTA2,AK,66.259722222222,-166.06666666667
SFYV2,VA,36.647995,-82.749237
SGDU1,UT,38.873298,-111.9540931
SGFO1,OH,39.9189,-83.8762
SGNT2,TX,28.7716,-95.6168
SGNC1,CA,39.431666666667,-120.23694444444
SGSM2,MD,38.138333333333,-76.5
SGRA2,AK,69.015,-148.81722222222
SHBN6,NY,42.678611111111,-75.510833333333
SHBM6,MS,31.857575,-88.686906
SHDP1,PA,41.2661111111111,-80.4727777777778
SHDT1,TN,36.520277777778,-82.095555555556
SHEC1,CA,38.51129745,-122.455813
SHIA2,AK,61.225555555556,-149.635
SHEW2,WV,39.434722222222,-77.801388888889
SHEW4,WY,44.56496,-107.71287
SHLI3,IN,38.666944444444,-86.791944444444
SHLM8,MT,48.4271972,-111.889836
SHNI2,IL,37.691944444444,-88.133333333333
SHOP1,PA,41.088055555556,-75.038055555556
SHPF1,FL,30.06,-84.290555555556
SHNO3,OR,45.863611111111,-122.79624
SHRM4,MI,44.436388888889,-85.698611111111
SHPP1,PA,41.265,-80.463055555556
SHRP1,PA,40.4875,-79.915277777778
SHRN5,NM,36.776666666667,-108.68305555556
SHUM3,MA,42.455,-72.382222222222
SHVT1,TN,35.480277777778,-86.499166666667
SIDM8,MT,47.6775,-104.15527777778
SHYI1,ID,43.413125,-112.1349
SIFI1,ID,43.604678,-112.058569
SIGN4,NJ,40.8944,-74.2661
SIDM1,ME,44.4722222,-69.6839
SILO3,OR,44.715277777778,-123.88861111111
SIMC3,CT,41.86970556,-72.7972444
SIDO1,OH,40.286944444444,-84.149943
SIXA2,AK,60.820833333333,-149.42527777778
SJEC1,CA,34.4591666666667,-119.808055555556
SJCC2,CO,37.013611111111,-107.31166666667
SJMI1,ID,47.3169444444444,-116.554722222222
SJFC2,CO,37.00113889,-109.0295833
SJMC1,CA,36.8105046,-120.3782256
SJOA4,AR,35.983055555556,-92.747222222222
SKAW1,WA,46.27024,-123.45651
SJSM7,MO,39.75325,-94.856833
SKEC2,CO,39.6054,-105.9431
SJZC2,CO,38.232769262785,-107.541726251032
SJSC1,CA,34.032222,-118.010556
SKLA2,AK,60.4663099,-150.60109
SKGA2,AK,59.468333333333,-135.30222222222
SKOW1,WA,47.5144444444444,-123.328611111111
SKRW1,WA,46.785778,-122.717627
SKSC1,CA,35.259166666667,-120.66805555556
SKPC1,CA,39.095555555556,-122.96
SKOM1,ME,44.763527,-69.7182959
SKWA2,AK,61.961944444444,-151.16694444444
SKTA2,AK,59.45,-135.31777777778
SLAC2,CO,39.6397,-106.0397
SLAA2,AK,67.25444444,-150.1772222
SLAI3,IN,40.807222222222,-85.677222222222
SLCA3,AZ,33.79810588,-110.4998292
SLFC2,CO,40.9825,-107.38222222222
SLIC2,CO,38.0444444444444,-108.904722222222
SLIM2,MD,38.32,-76.45
SLKW1,WA,47.9744444444444,-121.686111111111
SLNT2,TX,29.56758,-95.66822
SLMN6,NY,42.156388888889,-78.715555555556
SLLT1,TN,36.552222222222,-85.857222222222
SLOC1,CA,33.218055555556,-117.35944444444
SLMO3,OR,44.944166666667,-123.0425
SLPA3,AZ,33.43948927,-111.9609781
SLRA3,AZ,33.6194949,-110.9215037
SLOV2,VA,37.480416,-79.787299
SLRN7,NC,35.8998,-79.0742
SLTW1,WA,47.9075,-121.814166666667
SLUC1,CA,34.5885957,-120.4084938
SLYP1,PA,40.281944444444,-77.890833333333
SMBA2,AK,63.484,-162.0064
SMBA3,AZ,34.305854,-113.3471441
SMDP1,PA,40.323333333333,-77.169166666667
SMHC1,CA,33.4738888888889,-117.141388888889
SMFN7,NC,35.512777777778,-78.35
SMIT2,TX,30.0125,-97.161666666667
SMLI2,IL,37.158333333333,-88.426111111111
SMML1,LA,30.9825,-91.798333333333
SMPC2,CO,38.03070556,-108.1102889
SMMM3,MA,42.569444444444,-71.0275
SMSV2,VA,36.9823,-76.6211
SMNI1,ID,45.183333333333,-113.89444444444
SMRC2,CO,40.2072,-105.8414
SMRW1,WA,48.54594127,-122.3382169
SMUC2,CO,38.357222222222,-108.71222222222
SNAI1,ID,43.197283,-112.369297
SNCC2,CO,38.9847034,-107.8545077
SNAW1,WA,47.9127333,-122.1064583
SNCA3,AZ,33.296388888889,-110.45083333333
SNDO3,OR,45.448611111111,-122.245
SNCP1,PA,40.994444444444,-79.394444444444
SNDA2,AK,55.33669,-160.502
SNIC1,CA,34.184167,-118.02
SNMC2,CO,38.2441666666667,-108.501388888889
SNOC2,CO,39.208055555556,-107.01666666667
SNNP1,PA,41.317222222222,-78.103333333333
SNOA2,AK,60.2944395,-149.3460397
SNQW1,WA,47.615,-121.71222222222
SNWM4,MI,46.584166666667,-88.575833333333
SNYI1,ID,43.876111111111,-116.9825
SOHN3,NH,42.8576,-71.5062
SOLT2,TX,30.105833333333,-94.334444444444
SOLC1,CA,36.28052076,-121.3227063
SOMC1,CA,34.1572,-117.6806
SOMC2,CO,38.9258228,-107.4342211
SOTC1,CA,34.382222222222,-119.3025
SOSC1,CA,38.624166666667,-120.70055555556
SOSN7,NC,36.1268,-75.7433
SPAN7,NC,36.460277777778,-81.167777777778
SPAM5,MN,44.915,-93.199444444444
SPDI1,ID,46.44833,-116.8275
SPFN2,NV,38.93649,-114.41895
SPDV2,VA,36.8155,-81.1979
SPEW1,WA,47.139722222222,-122.09138888889
SPGM3,MA,42.096388888889,-72.594722222222
SPKP1,PA,40.6125,-78.140833333333
SPNI3,IN,39.281111111111,-86.762222222222
SPOW1,WA,47.65933,-117.4491
SPPA3,AZ,31.38010095,-110.1111882
SPRC1,CA,36.631071,-121.672446
SPRO3,OR,44.093055555556,-122.95611111111
SPRA3,AZ,32.44618273,-110.4884183
SPTA3,AZ,31.7509224,-110.2011882
SPRW2,WV,39.446944444444,-78.654444444444
SPTT1,TN,35.011388888889,-85.6975
SPYC1,CA,38.903055,-120.60305
SQUW1,WA,47.5450119,-121.842336
SRCW1,WA,47.316111111111,-123.23694444444
SREC1,CA,34.0650131,-117.3003208
SRDI2,IL,41.325062,-88.987417
SRGM8,MT,47.301944444444,-115.08638888889
SRGT2,TX,29.860277777778,-98.383333333333
SRKU1,UT,38.19636955,-112.1477005
SRLM8,MT,48.21725,-114.313736
SRLV2,VA,38.060783,-78.894966
SRMO3,OR,45.399564,-122.137307
SRMW1,WA,48.533888888889,-121.42861111111
SRQC1,CA,34.0333333333333,-118.037222222222
SRSU1,UT,37.07525867,-113.5930125
SRYA2,AK,59.586666666667,-139.4925
SSCN1,NE,42.485833333333,-96.413611111111
SSCO3,OR,44.392222222222,-122.49666666667
SSFO3,OR,44.4125,-122.6875
SSFW1,WA,48.095249,-121.974555
SSQC1,CA,34.83972,-120.16722
SSWU1,UT,40.5875,-111.91277777778
SSTC1,CA,37.295,-120.850833
SSUW1,WA,47.340555555556,-123.27888888889
STBA3,AZ,31.61286778,-111.0414792
STEN2,NV,39.20153889,-114.689161
STGV2,VA,38.976666666667,-78.336388888889
STFN7,NC,36.385556,-80.675208
STGM1,ME,43.9286,-69.2603
STJQ7,NY,45.301388888889,-73.25
STHW1,WA,48.32958,-120.69176
STII1,ID,46.086666666667,-115.97555555556
STKN4,NJ,40.402777777778,-74.979166666667
STLT2,TX,29.858888888889,-98.179722222222
STMC2,CO,40.4829861,-106.8324306
STLM5,MN,45.0561,-92.8041
STKA2,AK,56.708055555556,-132.13027777778
STPN7,NC,34.834722222222,-78.824166666667
STPM5,MN,44.9444,-93.0881
STSP1,PA,40.240277777778,-79.806666666667
STRM8,MT,47.296944444444,-115.12166666667
STTN4,NJ,40.572222222222,-74.868055555556
STTQ2,AK,57.900833333333,-131.15444444444
STVC3,CT,41.383888888889,-73.168055555556
STVC1,CA,37.370833333333,-120.92944444444
STWN2,NV,39.10768747778,-119.7132334
STYV2,VA,36.9,-77.4
SUDA2,AK,63.103888888889,-147.51583333333
SULW2,WV,38.225833,-80.894722
SUNM6,MS,33.547222,-90.543056
SUMG1,GA,34.466388888889,-85.336111111111
SUNA2,AK,62.175277777778,-150.17361111111
SUPA3,AZ,36.219444444444,-112.69
SUSC1,CA,40.413611111111,-120.66416666667
SURO3,OR,42.951944,-123.334722
SUVO3,OR,44.7825,-123.23472222222
SUTW2,WV,38.661944444444,-80.693055555556
SVGC1,CA,34.585,-120.143611111111
SUYC1,CA,34.968333333333,-120.40305555556
SVNM3,MA,42.265,-72.005277777778
SVEV2,VA,37.797365,-78.491398
SVPL1,LA,32.515277777778,-93.740277777778
SVRM7,MO,39.63457,-91.248203
SWAV1,VT,44.916666666667,-73.128888888889
SWDP1,PA,40.419166666667,-79.026388888889
SWLA2,AK,60.12,-149.42667
SWEG1,GA,34.032222222222,-84.089444444444
SWPV2,VA,36.946666666667,-76.33
SWRM8,MT,48.024444444444,-113.97888888889
SWNM6,MS,33.860555555556,-90.276666666667
SXCC1,CA,34.427015,-119.258463
SXPC1,CA,34.448611,-119.840278
SXRA2,AK,60.476666666667,-151.08222222222
SXSC1,CA,37.594578,-121.884459
SYCA3,AZ,33.69421054,-111.541802
SXTP1,PA,40.215833333333,-78.265555555556
SYCO3,OR,45.4775,-122.50833333333
TACN4,NJ,40.224166666667,-74.749166666667
TADU1,UT,40.30023027,-110.602381
TAFA2,AK,64.792777777778,-147.83888888889
TANW1,WA,47.486111111111,-121.64666666667
TALO2,OK,35.925833333333,-94.9225
TARC3,CT,41.9082833333333,-72.7593527777778
TAYO1,OH,39.87450176,-84.16188479
TARN7,NC,35.894166666667,-77.533055555556
TAZT1,TN,36.425,-83.398333333333
TBBM6,MS,33.538206,-88.632175
TAZA2,AK,62.054722222222,-145.42777777778
TBRF1,FL,30.595801,-87.028163
TCCC1,CA,41.11122108,-122.7055474
TCBM2,MD,39.2133,-76.245
TCFC2,CO,39.5753,-106.11
TCFM6,MS,31.7137,-89.1654
TCHW1,WA,46.0276341,-118.7297112
TCRC1,CA,39.8830555555556,-122.516944444444
TCWF1,FL,28.171388888889,-82.362222222222
TEAI1,ID,43.926986,-111.613811
TDBC1,CA,34.318611111111,-119.12055555556
TEKC1,CA,33.4591666666667,-116.922777777778
TDGL1,LA,32.431944,-91.366667
TEHC1,CA,40.028611111111,-122.11777777778
TENN6,NY,41.6588888888889,-73.5288888888889
TFFO1,OH,41.114166666667,-83.179722222222
TERI3,IN,39.46577,-87.41982
TESC1,CA,36.76579177,-121.2996532
TGJP1,PA,41.9525,-77.115555555556
TGLW2,WV,39.3128703,-80.0336896
THCC1,CA,34.444722222222,-119.22166666667
THCO2,OK,36.0169444444444,-95.8486111111111
THLC1,CA,39.1807402,-120.1193583
THNW1,WA,48.672777777778,-121.07166666667
THRV2,VA,38.6427,-78.1702
THTC1,CA,38.255277777778,-121.44
THRM8,MT,47.591944444444,-115.22861111111
TIDO3,OR,44.385954,-123.831778
TIFM7,MO,36.63139,-94.58667
TIKV2,VA,37.425009,-79.932393
TILO3,OR,42.9303985,-122.9483872
TIMC1,CA,34.0614024,-117.2675419
TJBC1,CA,37.6973,-121.88081
TIOP1,PA,41.473611111111,-79.438888888889
TILW1,WA,46.595555555556,-122.45833333333
TISC1,CA,39.026388888889,-121.82194444444
TJOO2,OK,36.0755555555556,-95.9602777777778
TJLO1,OH,39.541666666667,-82.0575
TJDO1,OH,39.541666666667,-82.0575
TKSN7,NC,35.4275,-83.446944
TKSV2,VA,37.335049,-79.858719
TKSN4,NJ,41.013333333333,-75.086111111111
TKUA2,AK,58.538611111111,-133.7
TLCT2,TX,33.3862,-95.1322
TLNA2,AK,63.316666666667,-142.64416666667
TLMO3,OR,45.475833333333,-123.725
TLRW1,WA,47.6937142,-121.689
TLNG1,GA,34.666666666667,-84.928333333333
TLTA2,AK,65.2639,-166.3672
TLYO3,OR,45.125,-122.07222222222
TMJC1,CA,38.090109,-121.686771
TMCK2,KY,38.951388888889,-84.338333333333
TMVC3,CT,41.9873186,-72.6058333333333
TNRA3,AZ,33.9800413,-111.3034659
TNKP1,PA,41.558333333333,-75.895
TNTP1,PA,41.477777777778,-79.444166666667
TNYN6,NY,43.5247,-76.2566
TODA4,AR,35.077222222222,-92.539722222222
TNUA2,AK,60.578055555556,-165.26916666667
TODA1,AL,33.209166666667,-87.596388888889
TNAW1,WA,47.246388888889,-120.86111111111
TOMC2,CO,38.5211111,-106.9409583
TOMN7,NC,34.754722222222,-78.289166666667
TOLW1,WA,47.695833333333,-121.82277777778
TONW1,WA,48.6324,-119.4617
TOPK1,KS,39.099444444444,-95.724722222222
TONA2,AK,61.661388888889,-145.18388888889
TONN2,NV,39.9048,-116.4125
TOTW1,WA,46.335,-122.840833
TOSM8,MT,46.1465722,-111.4202778
TORW2,WV,38.33898309,-81.841518
TPIC2,CO,38.8188888888889,-106.606666666667
TPAK1,KS,39.066666666667,-95.649444444444
TOWP1,PA,41.765277777778,-76.441111111111
TPOM6,MS,34.235555555556,-88.695833333333
TPTM7,MO,36.412438,-89.537728
TRAO3,OR,45.4462181,-123.7103974
TRBO3,OR,44.268055555556,-122.04861111111
TRCC1,CA,39.2962952,-120.2054752
TRAC2,CO,38.86027127,-106.5666966
TRDC1,CA,41.0098201620216,-124.081415669389
TRBC2,CO,38.8183269,-106.6091977
TREN4,NJ,40.221666666667,-74.778055555556
TREW3,WI,43.9986,-91.4357
TRFV2,VA,38.87944444,-77.1791667
TRJC1,CA,40.7284768,-123.0619736
TRLV2,VA,38.64845942,-78.0871304
TRLO2,OK,33.878711,-97.93448
TRPA2,AK,60.898055555556,-148.92194444444
TRRN2,NV,39.530188865,-119.7954684
TRSO3,OR,44.71206687,-122.7700878
TRTA2,AK,62.346944444444,-150.01694444444
TRUV2,VA,37.4054,-79.8889
TRYM8,MT,48.56172,-115.9701389
TRYN6,NY,42.752222222222,-73.689444444444
TRYO1,OH,40.03102,-84.1882
TSBN7,NC,34.3656,-77.632
TSCA3,AZ,32.22118727,-110.9817589
TRYO3,OR,45.9457019,-117.4510089
TSLC1,CA,33.889,-117.5619
TSYC1,CA,34.3947,-118.7987
TUKC2,CO,39.519333,-106.3514167
TVCA3,AZ,32.26535338,-110.841199
TVLK2,KY,38.016388888889,-85.307777777778
TYLA1,AL,32.322222222222,-86.783888888889
TWRN2,NV,38.8874302,-117.2453673
TXPT2,TX,29.6892,-93.8418
TYAA2,AK,59.511944444444,-135.34444444444
TYTM6,MS,31.176944444444,-90.28
UBDW1,WA,48.6494444444444,-121.689444444444
UCDP1,PA,41.907833,-79.89672
UCRC2,CO,38.1838791,-107.7458924
UCHA2,AK,64.9019722,-146.3613333
UCTP1,PA,41.920333,-79.8995
UINI2,IL,39.932155,-91.416115
UKAC1,CA,39.1954471,-123.1950048
UJCV2,VA,37.456456,-80.319789
UMAO3,OR,45.9029103,-119.3269618
ULMM8,MT,47.4349666666667,-111.388444444444
UMTW1,WA,46.8626264,-120.480067
UNDN6,NY,42.321388888889,-75.316944444444
ULRA2,AK,63.871388888889,-160.78388888889
UNLA2,AK,53.87919,-166.54031
UNRC2,CO,38.24055556,-107.7603056
UNBC2,CO,38.3781,-107.81
UNVC3,CT,41.7555472,-72.8870417
UNWK2,IN,37.7833333333333,-87.9794444444444
UNDW1,WA,45.751944444444,-121.52666666667
UPBA3,AZ,31.635,-110.4247222
URSC2,CO,38.3581,-107.792
URRU1,UT,40.23357228,-109.8037549
USQR1,RI,41.476666666667,-71.605277777778
UTQA2,AK,71.3149,-156.7218
VAPW1,WA,45.631388888889,-122.69638888889
VALO3,OR,43.9875,-117.2188889
VALI2,IL,39.70319521,-90.64307987
VAUM8,MT,47.5257777777778,-111.511036111111
VBUA4,AR,35.431388888889,-94.356111111111
VCKM6,MS,32.315,-90.905833
VCAC1,CA,34.235,-119.21583333333
VCVA2,AK,57.1253,-170.2852
VDCA3,AZ,34.8522416,-112.065994
VCVA3,AZ,34.448333333333,-111.78916666667
VDPA3,AZ,34.895,-112.34222222222
VCNI3,IN,38.6814,-87.535277777778
VDWC1,CA,34.156389,-118.273056
VDTA3,AZ,34.073055555556,-111.71555555556
VDZA2,AK,61.125,-146.36166666667
VFGP1,PA,40.079166666667,-75.461111111111
VICT2,TX,28.792777777778,-97.012777777778
VIDO3,OR,44.1248487,-122.47062
VICM8,MT,46.443333333333,-114.12277777778
VIMT2,TX,30.4814,-94.3946
VING1,GA,33.858888888889,-84.454166666667
VIRU1,UT,37.2041494,-113.1807789
VISN2,NV,39.5204672,-119.7010198
VLTA3,AZ,36.891666666667,-113.92361111111
VNBC2,CO,37.4775,-107.54305555556
VNBM7,MO,36.991388888889,-91.013611111111
VMRF1,FL,27.138165,-82.359991
VNCC1,CA,38.050277777778,-121.49694444444
VNHM3,MA,41.433333333333,-70.602777777778
VRBU1,UT,37.07,-113.5838889
VNSC1,CA,37.6760406,-121.2663293
VONC1,CA,38.774166666667,-121.59805555556
VOJC1,CA,34.48275,-119.29594
VRVC1,CA,34.35222038,-119.3084466
VSTN6,NY,42.090833333333,-76.0559
VWBC1,CA,39.908888888889,-122.0925
VSUV2,VA,37.915008,-79.194162
VTRC1,CA,34.399444444444,-119.3075
WABM5,MN,44.3872,-92.0369
WADN2,NV,39.63213447,-119.2832254
WAHV2,VA,37.6083333,-75.685
WALN2,NV,39.1525,-119.09888888889
WALN6,NY,42.166111111111,-75.140277777778
WAPN6,NY,41.653055555556,-73.873055555556
WARC1,CA,36.098055555556,-120.44333333333
WAPI4,IA,41.1780861,-91.1820939
WASN4,NJ,40.294444444444,-74.869444444444
WASD2,DC,38.873333333333,-77.021111111111
WATV1,VT,44.328333333333,-72.746111111111
WAUO3,OR,46.161111111111,-123.40833333333
WATU1,UT,39.97885629,-109.1787269
WAYV2,VA,38.0575,-78.908333333333
WBAN7,NC,36.1835492,-81.6107208
WBEN7,NC,36.202225,-81.648383
WBFM3,MA,42.182222222222,-72.264166666667
WBFN7,NC,36.2440803,-81.7651321
WBGC1,CA,39.825,-121.5675
WBMN7,NC,36.201534,-81.649717
WBRP1,PA,41.252777777778,-75.879166666667
WBOT1,TN,35.625556,-84.778889
WBRW4,WY,43.0191,-110.1189
WBVA3,AZ,34.674722222222,-111.67138888889
WBXM1,ME,43.66591667,-70.6027
WBTT1,TN,35.608889,-84.778056
WBYA1,AL,30.4167,-87.825
WCBT2,TX,29.144,-95.6058
WCDP1,PA,41.695889,-80.10811
WCKC2,CO,40.1458,-105.9394
WCGU1,UT,40.49633109,-112.5744028
WCKV2,VA,37.489189,-76.310231
WCLA3,AZ,34.538611111111,-111.69333333333
WCLN3,NH,43.3876,-72.3625
WCLO3,OR,43.913888888889,-122.6875
WCHW1,WA,48.168888,-121.469444
WCRN6,NY,42.222222222222,-77.418055555556
WCPC1,CA,34.065,-117.9125
WCRC2,CO,40.1537,-105.9775
WDCN7,NC,36.2092,-81.7782
WDEM3,MA,42.53591957,-72.65342328
WDRF1,FL,30.708055555556,-84.865555555556
WDRA3,AZ,34.7828076,-110.0442837
WDTC1,CA,37.269908112,-121.9925924709
WDVA1,AL,34.624166666667,-86.306388888889
WEBM3,MA,42.050833333333,-71.885555555556
WEII1,ID,44.245555555556,-116.98
WELV1,VT,44.1534,-72.0418
WEHV1,VT,43.714166666667,-72.418611111111
WENN7,NC,36.4125,-79.826111111111
WERN7,NC,36.3325,-81.0497
WEOC1,CA,40.3514969269062,-124.005013643194
WENM1,ME,45.2361111,-68.65138889
WEPS1,SC,34.643333333333,-82.454166666667
WETC2,CO,39.3311111111111,-107.579444444444
WESU1,UT,40.40522565,-112.1004959
WFBM8,MT,45.725,-114.280556
WFDR1,RI,41.9994,-71.5183
WFDC2,CO,40.002,-106.1834
WFLC2,CO,39.8339,-106.0558
WGCM8,MT,48.495277777778,-114.00916666667
WFRC2,CO,40.0359,-106.205
WFRA1,AL,30.37664,-88.15856
WHBC2,CO,40.17969335,-108.5653775
WHBI1,ID,45.750277777778,-116.32305555556
WGTM3,MA,42.63425619,-71.6578479
WHAT2,TX,29.308888888889,-96.103611111111
WHDC1,CA,35.849137,-119.196713
WHGM7,MO,38.559722222222,-91.0075
WHIA1,AL,34.571666666667,-86.558055555556
WHIC2,CO,40.013333333333,-108.0925
WHLW2,WV,40.149722222222,-80.701666666667
WHKP1,PA,41.570833333333,-79.408055555556
WHLR1,RI,41.3106,-71.8583
WHMS1,SC,34.509166666667,-81.598333333333
WHOT2,TX,29.2152474995717,-97.4494352901303
WHRM8,MT,48.320277777778,-114.2775
WHTG1,GA,33.476944444444,-84.901111111111
WHTT1,TN,35.2057214,-85.49703019
WIBP1,PA,40.463055555556,-78.2
WICT2,TX,33.909555,-98.533674
WIDM5,MN,44.0865,-91.6685
WIKC2,CO,40.4372222222222,-107.647222222222
WILN6,NY,42.977777777778,-78.763888888889
WILP1,PA,41.236111111111,-76.996944444444
WILA2,AK,61.766666666667,-150.06666666667
WILW2,WV,37.673055555556,-82.280277777778
WILW1,WA,46.651111111111,-123.65166666667
WILN2,NV,40.171,-116.4866944
WINM3,MA,42.6825,-72.115555555556
WKAO3,OR,42.739925,-121.8345167
WKGR1,RI,41.482222222222,-71.551666666667
WKLN7,NC,36.2014,-81.6646
WKPA3,AZ,34.4625,-113.62361111111
WLBK2,KY,36.74333333,-84.156111111111
WLBN3,NH,43.6462,-72.3123
WLCK2,KY,36.868889,-85.146667
WLGW2,WV,40.057222222222,-80.728611111111
WLAO3,OR,45.047222222222,-123.50277777778
WLKC1,CA,39.01,-121.823611111111
WLDM1,ME,45.5666666666667,-68.4
WLLN6,NY,42.1222222222222,-77.9572222222222
WLMC3,CT,41.70037644,-72.1825
WLON7,NC,34.226666666667,-77.953333333333
WLPN3,NH,43.1262,-72.4368
WLMM3,MA,42.5681488,-71.2152777777778
WLTO2,OK,34.362307,-98.282547
WMBT2,TX,29.994166666667,-98.088611111111
WLWA2,AK,61.780833333333,-149.88444444444
WMGK1,KS,39.198333333333,-96.305277777778
WMND1,DE,39.7731,-75.5777
WNAM5,MN,44.0556,-91.6375
WMSO3,OR,42.564375,-121.8797139
WNBM5,MN,47.4283333333333,-94.05
WNBN7,NC,36.1450131,-81.6649182
WNBA3,AZ,33.71543,-112.88179
WNDM3,MA,42.684166666667,-72.083888888889
WNDV2,VA,37.615,-76.29
WNDN7,NC,36.048055555556,-76.984166666667
WNQN4,NJ,41.044166666667,-74.293055555556
WOCT2,TX,33.322222222222,-95.0925
WODI1,ID,43.389944,-113.999747
WNTP1,PA,40.756944444444,-75.603333333333
WODR1,RI,41.44510024,-71.68089828
WNRO3,OR,43.27205997,-123.4122993
WOOC1,CA,38.76962765,-119.833789
WOON3,NH,43.9762,-71.68
WORC2,CO,40.1883,-106.4144
WOOR1,RI,42.0063888888889,-71.5030555555556
WOOU1,UT,40.5577278,-111.1687838
WOPU1,UT,39.2644444,-110.3427778
WRAW1,WA,47.27482295,-122.2078967
WRAN7,NC,36.1462,-81.7912
WREC1,CA,35.849137,-119.196713
WRMC2,CO,40.0335849,-107.86222
WRPN7,NC,34.0152,-78.6315
WROV2,VA,36.9293,-81.1322
WRRN7,NC,36.2197,-81.0254
WRON7,NC,36.2485816,-81.6210898
WRSU1,UT,39.8757928,-111.0373878
WRTO1,OH,40.110277777778,-83.031944444444
WRSV1,VT,44.381666666667,-72.770277777778
WRVV2,VA,37.3793,-76.4254
WSDC1,CA,38.723055555556,-123.01
WSHM1,ME,46.77722,-68.15722
WSFM3,MA,42.1067602,-72.698981
WSKF1,FL,26.574166666667,-81.891388888889
WSNO3,OR,43.13317169,-123.3984053
WSLO3,OR,45.350833333333,-122.675
WSRN6,NY,42.07476,-75.63756
WSTM6,MS,33.1944,-89.7711
WSPV2,VA,37.537031,-76.786194
WSRI1,ID,44.27,-116.7722222
WSSC1,CA,38.7025,-123.0909
WSTR1,RI,41.385267,-71.832897
WTGM6,MS,32.5883,-89.465
WTFN6,NY,42.829166666667,-73.666666666667
WTGT1,TN,36.324166666667,-82.124166666667
WTHM3,MA,42.190277777778,-70.945277777778
WTIC1,CA,33.7372222222222,-116.235277777778
WTHW1,WA,48.47347,-120.1773
WTLO3,OR,44.497777777778,-122.82194444444
WTRU1,UT,40.5935653,-109.9323739
WTTO2,OK,36.13,-94.571944444444
WTVO1,OH,41.500053,-83.71271
WVAA3,AZ,34.866666666667,-112.6125
WULA2,AK,67.876111111111,-163.67444444444
WVYM7,MO,39.215,-93.515
WVYN6,NY,41.984722222222,-76.501388888889
WWCN1,NE,40.8678,-96.14
WWDA3,AZ,31.35232457,-109.5850677
WWIC1,CA,33.7494444444444,-116.421944444444
WWHN2,NV,38.809722222222,-119.22638888889
WWRN7,NC,36.2942,-81.0968
WWBC1,CA,38.379722222222,-119.44916666667
WXKC1,CA,34.267917,-118.670833
WYDW1,WA,47.3855555555556,-123.604444444444
WYNM6,MS,31.68248,-88.6835
WWRM3,MA,42.267777777778,-72.333055555556
WWPU1,UT,41.2782765,-112.0918866
XCHC1,CA,37.69055,-121.90001
XCAC1,CA,37.2546753,-122.3832963
XBRM3,MA,42.054722222222,-71.616944444444
XLGC1,CA,37.69940699,-121.8652592
YADN7,NC,35.85667,-80.38694
YASC2,CO,40.2642611,-106.8917667
XSRC1,CA,35.753611,-120.6875
XTOC1,CA,37.26888183,-121.99086096
YDAQ9,AK,64.070277,-139.425833
YATA2,AK,59.548055555556,-139.735
YEAA2,AK,64.790556,-141.202222
YDRC1,CA,33.3111436,-117.3472604
YDLC2,CO,40.45163387,-108.525101
YKTV2,VA,37.226666666667,-76.478333333333
YLKA2,AK,61.897841,-150.857312
YLEC1,CA,37.56132196,-121.6838389
YLOC1,CA,38.727126,-121.8071874
YLLU1,UT,40.51189299,-110.341591
YLOG1,GA,33.733611111111,-84.061944444444
YMSC2,CO,40.28654444,-106.8290556
YPRC1,CA,37.237266,-121.762727
YREC1,CA,41.8229179,-122.5955813
YRBA2,AK,65.875555555556,-149.71777777778
YTCC3,CT,41.558611111111,-72.121944444444
YTLC1,CA,34.0789,-117.3047
YTUK2,KY,38.1247,-82.6992
YWGM6,MS,33.6314,-90.1091
YSTA2,AK,61.7377,-150.665
ZANO1,OH,39.938888888889,-82.0125
ZLGC1,CA,37.70564,-121.90457
ZCCC1,CA,34.648611111111,-120.18333333333
YZOM6,MS,32.8579,-90.4368
ZLJC1,CA,37.70494,-121.92401
ZLMC1,CA,37.6978854,-121.8094632
ZONI3,IN,39.946388888889,-86.260277777778
ZSRC1,CA,37.72237,-121.92261
ZNRC1,CA,33.104722222222,-115.66361111111
ZUIN5,NM,35.100277777778,-108.75166666667
